path,lat,lon,heading,pitch,fov,timestamp,status
D:\Users\Lenovo\PycharmProjects\PythonProject\Geo_Start\images\sv_39.989241_32.691874_1748457750_h0_p-10.jpg,39.98924068471588,32.691874,0,-10,90,2025-05-28T21:42:30.892334,downloaded
D:\Users\Lenovo\PycharmProjects\PythonProject\Geo_Start\images\sv_39.989241_32.691874_1748457750_h0_p0.jpg,39.98924068471588,32.691874,0,0,90,2025-05-28T21:42:30.945238,downloaded
D:\Users\Lenovo\PycharmProjects\PythonProject\Geo_Start\images\sv_39.989690_32.691874_1748457750_h0_p-10.jpg,39.98968984235794,32.691874,0,-10,90,2025-05-28T21:42:30.951208,downloaded
D:\Users\Lenovo\PycharmProjects\PythonProject\Geo_Start\images\sv_39.989690_32.692460_1748457750_h0_p-10.jpg,39.98968984235794,32.69246024900562,0,-10,90,2025-05-28T21:42:30.961266,downloaded
D:\Users\Lenovo\PycharmProjects\PythonProject\Geo_Start\images\sv_39.989690_32.691288_1748457750_h0_p-10.jpg,39.98968984235794,32.69128775099438,0,-10,90,2025-05-28T21:42:30.976240,downloaded
D:\Users\Lenovo\PycharmProjects\PythonProject\Geo_Start\images\sv_39.989241_32.691874_1748457750_h0_p30.jpg,39.98924068471588,32.691874,0,30,90,2025-05-28T21:42:31.045768,downloaded
D:\Users\Lenovo\PycharmProjects\PythonProject\Geo_Start\images\sv_39.989690_32.691874_1748457750_h0_p0.jpg,39.98968984235794,32.691874,0,0,90,2025-05-28T21:42:31.051200,downloaded
D:\Users\Lenovo\PycharmProjects\PythonProject\Geo_Start\images\sv_39.989690_32.692460_1748457750_h0_p0.jpg,39.98968984235794,32.69246024900562,0,0,90,2025-05-28T21:42:31.051602,downloaded
D:\Users\Lenovo\PycharmProjects\PythonProject\Geo_Start\images\sv_39.989690_32.691288_1748457750_h0_p0.jpg,39.98968984235794,32.69128775099438,0,0,90,2025-05-28T21:42:31.069254,downloaded
D:\Users\Lenovo\PycharmProjects\PythonProject\Geo_Start\images\sv_39.989690_32.691874_1748457750_h0_p30.jpg,39.98968984235794,32.691874,0,30,90,2025-05-28T21:42:31.145432,downloaded
D:\Users\Lenovo\PycharmProjects\PythonProject\Geo_Start\images\sv_39.989690_32.692460_1748457750_h0_p30.jpg,39.98968984235794,32.69246024900562,0,30,90,2025-05-28T21:42:31.151011,downloaded
D:\Users\Lenovo\PycharmProjects\PythonProject\Geo_Start\images\sv_39.989690_32.691288_1748457750_h0_p30.jpg,39.98968984235794,32.69128775099438,0,30,90,2025-05-28T21:42:31.153287,downloaded
D:\Users\Lenovo\PycharmProjects\PythonProject\Geo_Start\images\sv_39.989241_32.691874_1748457750_h30_p-10.jpg,39.98924068471588,32.691874,30,-10,90,2025-05-28T21:42:31.153757,downloaded
D:\Users\Lenovo\PycharmProjects\PythonProject\Geo_Start\images\sv_39.989690_32.692460_1748457750_h30_p-10.jpg,39.98968984235794,32.69246024900562,30,-10,90,2025-05-28T21:42:31.261289,downloaded
D:\Users\Lenovo\PycharmProjects\PythonProject\Geo_Start\images\sv_39.989690_32.691874_1748457750_h30_p-10.jpg,39.98968984235794,32.691874,30,-10,90,2025-05-28T21:42:31.262846,downloaded
D:\Users\Lenovo\PycharmProjects\PythonProject\Geo_Start\images\sv_39.989241_32.691874_1748457750_h30_p0.jpg,39.98924068471588,32.691874,30,0,90,2025-05-28T21:42:31.264157,downloaded
D:\Users\Lenovo\PycharmProjects\PythonProject\Geo_Start\images\sv_39.989690_32.691288_1748457750_h30_p-10.jpg,39.98968984235794,32.69128775099438,30,-10,90,2025-05-28T21:42:31.268046,downloaded
D:\Users\Lenovo\PycharmProjects\PythonProject\Geo_Start\images\sv_39.989690_32.691874_1748457750_h30_p0.jpg,39.98968984235794,32.691874,30,0,90,2025-05-28T21:42:31.341827,downloaded
D:\Users\Lenovo\PycharmProjects\PythonProject\Geo_Start\images\sv_39.989241_32.691874_1748457750_h30_p30.jpg,39.98924068471588,32.691874,30,30,90,2025-05-28T21:42:31.358532,downloaded
D:\Users\Lenovo\PycharmProjects\PythonProject\Geo_Start\images\sv_39.989690_32.692460_1748457750_h30_p0.jpg,39.98968984235794,32.69246024900562,30,0,90,2025-05-28T21:42:31.364466,downloaded
D:\Users\Lenovo\PycharmProjects\PythonProject\Geo_Start\images\sv_39.989690_32.691288_1748457750_h30_p0.jpg,39.98968984235794,32.69128775099438,30,0,90,2025-05-28T21:42:31.375920,downloaded
D:\Users\Lenovo\PycharmProjects\PythonProject\Geo_Start\images\sv_39.989690_32.691288_1748457750_h30_p30.jpg,39.98968984235794,32.69128775099438,30,30,90,2025-05-28T21:42:31.457362,downloaded
D:\Users\Lenovo\PycharmProjects\PythonProject\Geo_Start\images\sv_39.989690_32.691874_1748457750_h30_p30.jpg,39.98968984235794,32.691874,30,30,90,2025-05-28T21:42:31.460291,downloaded
D:\Users\Lenovo\PycharmProjects\PythonProject\Geo_Start\images\sv_39.989690_32.692460_1748457750_h30_p30.jpg,39.98968984235794,32.69246024900562,30,30,90,2025-05-28T21:42:31.460830,downloaded
D:\Users\Lenovo\PycharmProjects\PythonProject\Geo_Start\images\sv_39.989241_32.691874_1748457750_h60_p-10.jpg,39.98924068471588,32.691874,60,-10,90,2025-05-28T21:42:31.465682,downloaded
D:\Users\Lenovo\PycharmProjects\PythonProject\Geo_Start\images\sv_39.989241_32.691874_1748457750_h60_p0.jpg,39.98924068471588,32.691874,60,0,90,2025-05-28T21:42:31.566770,downloaded
D:\Users\Lenovo\PycharmProjects\PythonProject\Geo_Start\images\sv_39.989690_32.691874_1748457750_h60_p-10.jpg,39.98968984235794,32.691874,60,-10,90,2025-05-28T21:42:31.571400,downloaded
D:\Users\Lenovo\PycharmProjects\PythonProject\Geo_Start\images\sv_39.989690_32.692460_1748457750_h60_p-10.jpg,39.98968984235794,32.69246024900562,60,-10,90,2025-05-28T21:42:31.572193,downloaded
D:\Users\Lenovo\PycharmProjects\PythonProject\Geo_Start\images\sv_39.989690_32.691288_1748457750_h60_p-10.jpg,39.98968984235794,32.69128775099438,60,-10,90,2025-05-28T21:42:31.573112,downloaded
D:\Users\Lenovo\PycharmProjects\PythonProject\Geo_Start\images\sv_39.989690_32.691288_1748457750_h60_p0.jpg,39.98968984235794,32.69128775099438,60,0,90,2025-05-28T21:42:31.676134,downloaded
D:\Users\Lenovo\PycharmProjects\PythonProject\Geo_Start\images\sv_39.989690_32.691874_1748457750_h60_p0.jpg,39.98968984235794,32.691874,60,0,90,2025-05-28T21:42:31.678544,downloaded
D:\Users\Lenovo\PycharmProjects\PythonProject\Geo_Start\images\sv_39.989241_32.691874_1748457750_h60_p30.jpg,39.98924068471588,32.691874,60,30,90,2025-05-28T21:42:31.679283,downloaded
D:\Users\Lenovo\PycharmProjects\PythonProject\Geo_Start\images\sv_39.989690_32.692460_1748457750_h60_p0.jpg,39.98968984235794,32.69246024900562,60,0,90,2025-05-28T21:42:31.681452,downloaded
D:\Users\Lenovo\PycharmProjects\PythonProject\Geo_Start\images\sv_39.989690_32.691874_1748457750_h60_p30.jpg,39.98968984235794,32.691874,60,30,90,2025-05-28T21:42:31.763178,downloaded
D:\Users\Lenovo\PycharmProjects\PythonProject\Geo_Start\images\sv_39.989690_32.691288_1748457750_h60_p30.jpg,39.98968984235794,32.69128775099438,60,30,90,2025-05-28T21:42:31.771769,downloaded
D:\Users\Lenovo\PycharmProjects\PythonProject\Geo_Start\images\sv_39.989690_32.692460_1748457750_h60_p30.jpg,39.98968984235794,32.69246024900562,60,30,90,2025-05-28T21:42:31.772215,downloaded
D:\Users\Lenovo\PycharmProjects\PythonProject\Geo_Start\images\sv_39.989241_32.691874_1748457750_h90_p-10.jpg,39.98924068471588,32.691874,90,-10,90,2025-05-28T21:42:31.774389,downloaded
D:\Users\Lenovo\PycharmProjects\PythonProject\Geo_Start\images\sv_39.989690_32.692460_1748457750_h90_p-10.jpg,39.98968984235794,32.69246024900562,90,-10,90,2025-05-28T21:42:31.905698,downloaded
D:\Users\Lenovo\PycharmProjects\PythonProject\Geo_Start\images\sv_39.989690_32.691288_1748457750_h90_p-10.jpg,39.98968984235794,32.69128775099438,90,-10,90,2025-05-28T21:42:31.909046,downloaded
D:\Users\Lenovo\PycharmProjects\PythonProject\Geo_Start\images\sv_39.989241_32.691874_1748457750_h90_p0.jpg,39.98924068471588,32.691874,90,0,90,2025-05-28T21:42:31.912871,downloaded
D:\Users\Lenovo\PycharmProjects\PythonProject\Geo_Start\images\sv_39.989690_32.691874_1748457750_h90_p-10.jpg,39.98968984235794,32.691874,90,-10,90,2025-05-28T21:42:31.913523,downloaded
D:\Users\Lenovo\PycharmProjects\PythonProject\Geo_Start\images\sv_39.989690_32.692460_1748457750_h90_p0.jpg,39.98968984235794,32.69246024900562,90,0,90,2025-05-28T21:42:32.004077,downloaded
D:\Users\Lenovo\PycharmProjects\PythonProject\Geo_Start\images\sv_39.989690_32.691288_1748457750_h90_p0.jpg,39.98968984235794,32.69128775099438,90,0,90,2025-05-28T21:42:32.029439,downloaded
D:\Users\Lenovo\PycharmProjects\PythonProject\Geo_Start\images\sv_39.989690_32.691874_1748457750_h90_p0.jpg,39.98968984235794,32.691874,90,0,90,2025-05-28T21:42:32.072723,downloaded
D:\Users\Lenovo\PycharmProjects\PythonProject\Geo_Start\images\sv_39.989241_32.691874_1748457750_h90_p30.jpg,39.98924068471588,32.691874,90,30,90,2025-05-28T21:42:32.076816,downloaded
D:\Users\Lenovo\PycharmProjects\PythonProject\Geo_Start\images\sv_39.989690_32.692460_1748457750_h90_p30.jpg,39.98968984235794,32.69246024900562,90,30,90,2025-05-28T21:42:32.077586,downloaded
D:\Users\Lenovo\PycharmProjects\PythonProject\Geo_Start\images\sv_39.989241_32.691874_1748457750_h120_p-10.jpg,39.98924068471588,32.691874,120,-10,90,2025-05-28T21:42:32.175609,downloaded
D:\Users\Lenovo\PycharmProjects\PythonProject\Geo_Start\images\sv_39.989690_32.691288_1748457750_h90_p30.jpg,39.98968984235794,32.69128775099438,90,30,90,2025-05-28T21:42:32.178507,downloaded
D:\Users\Lenovo\PycharmProjects\PythonProject\Geo_Start\images\sv_39.989690_32.691874_1748457750_h90_p30.jpg,39.98968984235794,32.691874,90,30,90,2025-05-28T21:42:32.179382,downloaded
D:\Users\Lenovo\PycharmProjects\PythonProject\Geo_Start\images\sv_39.989690_32.692460_1748457750_h120_p-10.jpg,39.98968984235794,32.69246024900562,120,-10,90,2025-05-28T21:42:32.187893,downloaded
D:\Users\Lenovo\PycharmProjects\PythonProject\Geo_Start\images\sv_39.989241_32.691874_1748457750_h120_p0.jpg,39.98924068471588,32.691874,120,0,90,2025-05-28T21:42:32.279340,downloaded
D:\Users\Lenovo\PycharmProjects\PythonProject\Geo_Start\images\sv_39.989690_32.691288_1748457750_h120_p-10.jpg,39.98968984235794,32.69128775099438,120,-10,90,2025-05-28T21:42:32.282875,downloaded
D:\Users\Lenovo\PycharmProjects\PythonProject\Geo_Start\images\sv_39.989690_32.692460_1748457750_h120_p0.jpg,39.98968984235794,32.69246024900562,120,0,90,2025-05-28T21:42:32.287929,downloaded
D:\Users\Lenovo\PycharmProjects\PythonProject\Geo_Start\images\sv_39.989690_32.691874_1748457750_h120_p-10.jpg,39.98968984235794,32.691874,120,-10,90,2025-05-28T21:42:32.288422,downloaded
D:\Users\Lenovo\PycharmProjects\PythonProject\Geo_Start\images\sv_39.989241_32.691874_1748457750_h120_p30.jpg,39.98924068471588,32.691874,120,30,90,2025-05-28T21:42:32.362744,downloaded
D:\Users\Lenovo\PycharmProjects\PythonProject\Geo_Start\images\sv_39.989690_32.691874_1748457750_h120_p0.jpg,39.98968984235794,32.691874,120,0,90,2025-05-28T21:42:32.372223,downloaded
D:\Users\Lenovo\PycharmProjects\PythonProject\Geo_Start\images\sv_39.989690_32.692460_1748457750_h120_p30.jpg,39.98968984235794,32.69246024900562,120,30,90,2025-05-28T21:42:32.374333,downloaded
D:\Users\Lenovo\PycharmProjects\PythonProject\Geo_Start\images\sv_39.989690_32.691288_1748457750_h120_p0.jpg,39.98968984235794,32.69128775099438,120,0,90,2025-05-28T21:42:32.390220,downloaded
D:\Users\Lenovo\PycharmProjects\PythonProject\Geo_Start\images\sv_39.989241_32.691874_1748457750_h150_p-10.jpg,39.98924068471588,32.691874,150,-10,90,2025-05-28T21:42:32.469549,downloaded
D:\Users\Lenovo\PycharmProjects\PythonProject\Geo_Start\images\sv_39.989690_32.692460_1748457750_h150_p-10.jpg,39.98968984235794,32.69246024900562,150,-10,90,2025-05-28T21:42:32.481486,downloaded
D:\Users\Lenovo\PycharmProjects\PythonProject\Geo_Start\images\sv_39.989690_32.691874_1748457750_h120_p30.jpg,39.98968984235794,32.691874,120,30,90,2025-05-28T21:42:32.482518,downloaded
D:\Users\Lenovo\PycharmProjects\PythonProject\Geo_Start\images\sv_39.989690_32.691288_1748457750_h120_p30.jpg,39.98968984235794,32.69128775099438,120,30,90,2025-05-28T21:42:32.485701,downloaded
D:\Users\Lenovo\PycharmProjects\PythonProject\Geo_Start\images\sv_39.989690_32.691874_1748457750_h150_p-10.jpg,39.98968984235794,32.691874,150,-10,90,2025-05-28T21:42:32.561752,downloaded
D:\Users\Lenovo\PycharmProjects\PythonProject\Geo_Start\images\sv_39.989241_32.691874_1748457750_h150_p0.jpg,39.98924068471588,32.691874,150,0,90,2025-05-28T21:42:32.575603,downloaded
D:\Users\Lenovo\PycharmProjects\PythonProject\Geo_Start\images\sv_39.989690_32.692460_1748457750_h150_p0.jpg,39.98968984235794,32.69246024900562,150,0,90,2025-05-28T21:42:32.580709,downloaded
D:\Users\Lenovo\PycharmProjects\PythonProject\Geo_Start\images\sv_39.989690_32.691288_1748457750_h150_p-10.jpg,39.98968984235794,32.69128775099438,150,-10,90,2025-05-28T21:42:32.582567,downloaded
D:\Users\Lenovo\PycharmProjects\PythonProject\Geo_Start\images\sv_39.989690_32.691874_1748457750_h150_p0.jpg,39.98968984235794,32.691874,150,0,90,2025-05-28T21:42:32.673383,downloaded
D:\Users\Lenovo\PycharmProjects\PythonProject\Geo_Start\images\sv_39.989241_32.691874_1748457750_h150_p30.jpg,39.98924068471588,32.691874,150,30,90,2025-05-28T21:42:32.676302,downloaded
D:\Users\Lenovo\PycharmProjects\PythonProject\Geo_Start\images\sv_39.989690_32.692460_1748457750_h150_p30.jpg,39.98968984235794,32.69246024900562,150,30,90,2025-05-28T21:42:32.677924,downloaded
D:\Users\Lenovo\PycharmProjects\PythonProject\Geo_Start\images\sv_39.989690_32.691288_1748457750_h150_p0.jpg,39.98968984235794,32.69128775099438,150,0,90,2025-05-28T21:42:32.682712,downloaded
D:\Users\Lenovo\PycharmProjects\PythonProject\Geo_Start\images\sv_39.989690_32.691874_1748457750_h150_p30.jpg,39.98968984235794,32.691874,150,30,90,2025-05-28T21:42:32.769811,downloaded
D:\Users\Lenovo\PycharmProjects\PythonProject\Geo_Start\images\sv_39.989241_32.691874_1748457750_h180_p-10.jpg,39.98924068471588,32.691874,180,-10,90,2025-05-28T21:42:32.779387,downloaded
D:\Users\Lenovo\PycharmProjects\PythonProject\Geo_Start\images\sv_39.989690_32.691288_1748457750_h150_p30.jpg,39.98968984235794,32.69128775099438,150,30,90,2025-05-28T21:42:32.779789,downloaded
D:\Users\Lenovo\PycharmProjects\PythonProject\Geo_Start\images\sv_39.989690_32.692460_1748457750_h180_p-10.jpg,39.98968984235794,32.69246024900562,180,-10,90,2025-05-28T21:42:32.781020,downloaded
D:\Users\Lenovo\PycharmProjects\PythonProject\Geo_Start\images\sv_39.989690_32.692460_1748457750_h180_p0.jpg,39.98968984235794,32.69246024900562,180,0,90,2025-05-28T21:42:32.894367,downloaded
D:\Users\Lenovo\PycharmProjects\PythonProject\Geo_Start\images\sv_39.989690_32.691874_1748457750_h180_p-10.jpg,39.98968984235794,32.691874,180,-10,90,2025-05-28T21:42:32.895045,downloaded
D:\Users\Lenovo\PycharmProjects\PythonProject\Geo_Start\images\sv_39.989241_32.691874_1748457750_h180_p0.jpg,39.98924068471588,32.691874,180,0,90,2025-05-28T21:42:32.895722,downloaded
D:\Users\Lenovo\PycharmProjects\PythonProject\Geo_Start\images\sv_39.989690_32.691288_1748457750_h180_p-10.jpg,39.98968984235794,32.69128775099438,180,-10,90,2025-05-28T21:42:32.896479,downloaded
D:\Users\Lenovo\PycharmProjects\PythonProject\Geo_Start\images\sv_39.989690_32.691874_1748457750_h180_p0.jpg,39.98968984235794,32.691874,180,0,90,2025-05-28T21:42:32.976641,downloaded
D:\Users\Lenovo\PycharmProjects\PythonProject\Geo_Start\images\sv_39.989241_32.691874_1748457750_h180_p30.jpg,39.98924068471588,32.691874,180,30,90,2025-05-28T21:42:32.984505,downloaded
D:\Users\Lenovo\PycharmProjects\PythonProject\Geo_Start\images\sv_39.989690_32.692460_1748457750_h180_p30.jpg,39.98968984235794,32.69246024900562,180,30,90,2025-05-28T21:42:32.987756,downloaded
D:\Users\Lenovo\PycharmProjects\PythonProject\Geo_Start\images\sv_39.989690_32.691288_1748457750_h180_p0.jpg,39.98968984235794,32.69128775099438,180,0,90,2025-05-28T21:42:32.990131,downloaded
D:\Users\Lenovo\PycharmProjects\PythonProject\Geo_Start\images\sv_39.989241_32.691874_1748457750_h210_p-10.jpg,39.98924068471588,32.691874,210,-10,90,2025-05-28T21:42:33.085323,downloaded
D:\Users\Lenovo\PycharmProjects\PythonProject\Geo_Start\images\sv_39.989690_32.691288_1748457750_h180_p30.jpg,39.98968984235794,32.69128775099438,180,30,90,2025-05-28T21:42:33.090597,downloaded
D:\Users\Lenovo\PycharmProjects\PythonProject\Geo_Start\images\sv_39.989690_32.691874_1748457750_h180_p30.jpg,39.98968984235794,32.691874,180,30,90,2025-05-28T21:42:33.095454,downloaded
D:\Users\Lenovo\PycharmProjects\PythonProject\Geo_Start\images\sv_39.989690_32.692460_1748457750_h210_p-10.jpg,39.98968984235794,32.69246024900562,210,-10,90,2025-05-28T21:42:33.096976,downloaded
D:\Users\Lenovo\PycharmProjects\PythonProject\Geo_Start\images\sv_39.989690_32.691288_1748457750_h210_p-10.jpg,39.98968984235794,32.69128775099438,210,-10,90,2025-05-28T21:42:33.186323,downloaded
D:\Users\Lenovo\PycharmProjects\PythonProject\Geo_Start\images\sv_39.989690_32.692460_1748457750_h210_p0.jpg,39.98968984235794,32.69246024900562,210,0,90,2025-05-28T21:42:33.189111,downloaded
D:\Users\Lenovo\PycharmProjects\PythonProject\Geo_Start\images\sv_39.989241_32.691874_1748457750_h210_p0.jpg,39.98924068471588,32.691874,210,0,90,2025-05-28T21:42:33.192838,downloaded
D:\Users\Lenovo\PycharmProjects\PythonProject\Geo_Start\images\sv_39.989690_32.691874_1748457750_h210_p-10.jpg,39.98968984235794,32.691874,210,-10,90,2025-05-28T21:42:33.193950,downloaded
D:\Users\Lenovo\PycharmProjects\PythonProject\Geo_Start\images\sv_39.989241_32.691874_1748457750_h210_p30.jpg,39.98924068471588,32.691874,210,30,90,2025-05-28T21:42:33.288556,downloaded
D:\Users\Lenovo\PycharmProjects\PythonProject\Geo_Start\images\sv_39.989690_32.691288_1748457750_h210_p0.jpg,39.98968984235794,32.69128775099438,210,0,90,2025-05-28T21:42:33.295631,downloaded
D:\Users\Lenovo\PycharmProjects\PythonProject\Geo_Start\images\sv_39.989690_32.691874_1748457750_h210_p0.jpg,39.98968984235794,32.691874,210,0,90,2025-05-28T21:42:33.296346,downloaded
D:\Users\Lenovo\PycharmProjects\PythonProject\Geo_Start\images\sv_39.989690_32.692460_1748457750_h210_p30.jpg,39.98968984235794,32.69246024900562,210,30,90,2025-05-28T21:42:33.299077,downloaded
D:\Users\Lenovo\PycharmProjects\PythonProject\Geo_Start\images\sv_39.989241_32.691874_1748457750_h240_p-10.jpg,39.98924068471588,32.691874,240,-10,90,2025-05-28T21:42:33.389612,downloaded
D:\Users\Lenovo\PycharmProjects\PythonProject\Geo_Start\images\sv_39.989690_32.691288_1748457750_h210_p30.jpg,39.98968984235794,32.69128775099438,210,30,90,2025-05-28T21:42:33.394744,downloaded
D:\Users\Lenovo\PycharmProjects\PythonProject\Geo_Start\images\sv_39.989690_32.692460_1748457750_h240_p-10.jpg,39.98968984235794,32.69246024900562,240,-10,90,2025-05-28T21:42:33.399043,downloaded
D:\Users\Lenovo\PycharmProjects\PythonProject\Geo_Start\images\sv_39.989690_32.691874_1748457750_h210_p30.jpg,39.98968984235794,32.691874,210,30,90,2025-05-28T21:42:33.402673,downloaded
D:\Users\Lenovo\PycharmProjects\PythonProject\Geo_Start\images\sv_39.989241_32.691874_1748457750_h240_p0.jpg,39.98924068471588,32.691874,240,0,90,2025-05-28T21:42:33.497975,downloaded
D:\Users\Lenovo\PycharmProjects\PythonProject\Geo_Start\images\sv_39.989690_32.691288_1748457750_h240_p-10.jpg,39.98968984235794,32.69128775099438,240,-10,90,2025-05-28T21:42:33.498414,downloaded
D:\Users\Lenovo\PycharmProjects\PythonProject\Geo_Start\images\sv_39.989690_32.691874_1748457750_h240_p-10.jpg,39.98968984235794,32.691874,240,-10,90,2025-05-28T21:42:33.502952,downloaded
D:\Users\Lenovo\PycharmProjects\PythonProject\Geo_Start\images\sv_39.989690_32.692460_1748457750_h240_p0.jpg,39.98968984235794,32.69246024900562,240,0,90,2025-05-28T21:42:33.506204,downloaded
D:\Users\Lenovo\PycharmProjects\PythonProject\Geo_Start\images\sv_39.989241_32.691874_1748457750_h240_p30.jpg,39.98924068471588,32.691874,240,30,90,2025-05-28T21:42:33.592083,downloaded
D:\Users\Lenovo\PycharmProjects\PythonProject\Geo_Start\images\sv_39.989690_32.691288_1748457750_h240_p0.jpg,39.98968984235794,32.69128775099438,240,0,90,2025-05-28T21:42:33.602640,downloaded
D:\Users\Lenovo\PycharmProjects\PythonProject\Geo_Start\images\sv_39.989690_32.691874_1748457750_h240_p0.jpg,39.98968984235794,32.691874,240,0,90,2025-05-28T21:42:33.603359,downloaded
D:\Users\Lenovo\PycharmProjects\PythonProject\Geo_Start\images\sv_39.989690_32.692460_1748457750_h240_p30.jpg,39.98968984235794,32.69246024900562,240,30,90,2025-05-28T21:42:33.604763,downloaded
D:\Users\Lenovo\PycharmProjects\PythonProject\Geo_Start\images\sv_39.989690_32.691288_1748457750_h240_p30.jpg,39.98968984235794,32.69128775099438,240,30,90,2025-05-28T21:42:33.708484,downloaded
D:\Users\Lenovo\PycharmProjects\PythonProject\Geo_Start\images\sv_39.989690_32.691874_1748457750_h240_p30.jpg,39.98968984235794,32.691874,240,30,90,2025-05-28T21:42:33.711388,downloaded
D:\Users\Lenovo\PycharmProjects\PythonProject\Geo_Start\images\sv_39.989241_32.691874_1748457750_h270_p-10.jpg,39.98924068471588,32.691874,270,-10,90,2025-05-28T21:42:33.713046,downloaded
D:\Users\Lenovo\PycharmProjects\PythonProject\Geo_Start\images\sv_39.989690_32.692460_1748457750_h270_p-10.jpg,39.98968984235794,32.69246024900562,270,-10,90,2025-05-28T21:42:33.714771,downloaded
D:\Users\Lenovo\PycharmProjects\PythonProject\Geo_Start\images\sv_39.989690_32.691288_1748457750_h270_p-10.jpg,39.98968984235794,32.69128775099438,270,-10,90,2025-05-28T21:42:33.816033,downloaded
D:\Users\Lenovo\PycharmProjects\PythonProject\Geo_Start\images\sv_39.989690_32.692460_1748457750_h270_p0.jpg,39.98968984235794,32.69246024900562,270,0,90,2025-05-28T21:42:33.819746,downloaded
D:\Users\Lenovo\PycharmProjects\PythonProject\Geo_Start\images\sv_39.989241_32.691874_1748457750_h270_p0.jpg,39.98924068471588,32.691874,270,0,90,2025-05-28T21:42:33.823483,downloaded
D:\Users\Lenovo\PycharmProjects\PythonProject\Geo_Start\images\sv_39.989690_32.691874_1748457750_h270_p-10.jpg,39.98968984235794,32.691874,270,-10,90,2025-05-28T21:42:33.824220,downloaded
D:\Users\Lenovo\PycharmProjects\PythonProject\Geo_Start\images\sv_39.989690_32.692460_1748457750_h270_p30.jpg,39.98968984235794,32.69246024900562,270,30,90,2025-05-28T21:42:33.908450,downloaded
D:\Users\Lenovo\PycharmProjects\PythonProject\Geo_Start\images\sv_39.989690_32.691288_1748457750_h270_p0.jpg,39.98968984235794,32.69128775099438,270,0,90,2025-05-28T21:42:33.909323,downloaded
D:\Users\Lenovo\PycharmProjects\PythonProject\Geo_Start\images\sv_39.989241_32.691874_1748457750_h270_p30.jpg,39.98924068471588,32.691874,270,30,90,2025-05-28T21:42:33.912426,downloaded
D:\Users\Lenovo\PycharmProjects\PythonProject\Geo_Start\images\sv_39.989690_32.691874_1748457750_h270_p0.jpg,39.98968984235794,32.691874,270,0,90,2025-05-28T21:42:33.915336,downloaded
D:\Users\Lenovo\PycharmProjects\PythonProject\Geo_Start\images\sv_39.989690_32.691288_1748457750_h270_p30.jpg,39.98968984235794,32.69128775099438,270,30,90,2025-05-28T21:42:34.001064,downloaded
D:\Users\Lenovo\PycharmProjects\PythonProject\Geo_Start\images\sv_39.989241_32.691874_1748457750_h300_p-10.jpg,39.98924068471588,32.691874,300,-10,90,2025-05-28T21:42:34.009743,downloaded
D:\Users\Lenovo\PycharmProjects\PythonProject\Geo_Start\images\sv_39.989690_32.692460_1748457750_h300_p-10.jpg,39.98968984235794,32.69246024900562,300,-10,90,2025-05-28T21:42:34.012951,downloaded
D:\Users\Lenovo\PycharmProjects\PythonProject\Geo_Start\images\sv_39.989690_32.691874_1748457750_h270_p30.jpg,39.98968984235794,32.691874,270,30,90,2025-05-28T21:42:34.014505,downloaded
D:\Users\Lenovo\PycharmProjects\PythonProject\Geo_Start\images\sv_39.989690_32.692460_1748457750_h300_p0.jpg,39.98968984235794,32.69246024900562,300,0,90,2025-05-28T21:42:34.105633,downloaded
D:\Users\Lenovo\PycharmProjects\PythonProject\Geo_Start\images\sv_39.989241_32.691874_1748457750_h300_p0.jpg,39.98924068471588,32.691874,300,0,90,2025-05-28T21:42:34.113126,downloaded
D:\Users\Lenovo\PycharmProjects\PythonProject\Geo_Start\images\sv_39.989690_32.691874_1748457750_h300_p-10.jpg,39.98968984235794,32.691874,300,-10,90,2025-05-28T21:42:34.116117,downloaded
D:\Users\Lenovo\PycharmProjects\PythonProject\Geo_Start\images\sv_39.989690_32.691288_1748457750_h300_p-10.jpg,39.98968984235794,32.69128775099438,300,-10,90,2025-05-28T21:42:34.117666,downloaded
D:\Users\Lenovo\PycharmProjects\PythonProject\Geo_Start\images\sv_39.989690_32.691288_1748457750_h300_p0.jpg,39.98968984235794,32.69128775099438,300,0,90,2025-05-28T21:42:34.205522,downloaded
D:\Users\Lenovo\PycharmProjects\PythonProject\Geo_Start\images\sv_39.989690_32.692460_1748457750_h300_p30.jpg,39.98968984235794,32.69246024900562,300,30,90,2025-05-28T21:42:34.205962,downloaded
D:\Users\Lenovo\PycharmProjects\PythonProject\Geo_Start\images\sv_39.989241_32.691874_1748457750_h300_p30.jpg,39.98924068471588,32.691874,300,30,90,2025-05-28T21:42:34.212751,downloaded
D:\Users\Lenovo\PycharmProjects\PythonProject\Geo_Start\images\sv_39.989690_32.691874_1748457750_h300_p0.jpg,39.98968984235794,32.691874,300,0,90,2025-05-28T21:42:34.213819,downloaded
D:\Users\Lenovo\PycharmProjects\PythonProject\Geo_Start\images\sv_39.989690_32.691874_1748457750_h300_p30.jpg,39.98968984235794,32.691874,300,30,90,2025-05-28T21:42:34.308782,downloaded
D:\Users\Lenovo\PycharmProjects\PythonProject\Geo_Start\images\sv_39.989241_32.691874_1748457750_h330_p-10.jpg,39.98924068471588,32.691874,330,-10,90,2025-05-28T21:42:34.310424,downloaded
D:\Users\Lenovo\PycharmProjects\PythonProject\Geo_Start\images\sv_39.989690_32.691288_1748457750_h300_p30.jpg,39.98968984235794,32.69128775099438,300,30,90,2025-05-28T21:42:34.311885,downloaded
D:\Users\Lenovo\PycharmProjects\PythonProject\Geo_Start\images\sv_39.989690_32.692460_1748457750_h330_p-10.jpg,39.98968984235794,32.69246024900562,330,-10,90,2025-05-28T21:42:34.313581,downloaded
D:\Users\Lenovo\PycharmProjects\PythonProject\Geo_Start\images\sv_39.989690_32.692460_1748457750_h330_p0.jpg,39.98968984235794,32.69246024900562,330,0,90,2025-05-28T21:42:34.424247,downloaded
D:\Users\Lenovo\PycharmProjects\PythonProject\Geo_Start\images\sv_39.989690_32.691874_1748457750_h330_p-10.jpg,39.98968984235794,32.691874,330,-10,90,2025-05-28T21:42:34.428377,downloaded
D:\Users\Lenovo\PycharmProjects\PythonProject\Geo_Start\images\sv_39.989241_32.691874_1748457750_h330_p0.jpg,39.98924068471588,32.691874,330,0,90,2025-05-28T21:42:34.430902,downloaded
D:\Users\Lenovo\PycharmProjects\PythonProject\Geo_Start\images\sv_39.989690_32.691288_1748457750_h330_p-10.jpg,39.98968984235794,32.69128775099438,330,-10,90,2025-05-28T21:42:34.432841,downloaded
D:\Users\Lenovo\PycharmProjects\PythonProject\Geo_Start\images\sv_39.989690_32.692460_1748457750_h330_p30.jpg,39.98968984235794,32.69246024900562,330,30,90,2025-05-28T21:42:34.511436,downloaded
D:\Users\Lenovo\PycharmProjects\PythonProject\Geo_Start\images\sv_39.989690_32.691874_1748457750_h330_p0.jpg,39.98968984235794,32.691874,330,0,90,2025-05-28T21:42:34.516782,downloaded
D:\Users\Lenovo\PycharmProjects\PythonProject\Geo_Start\images\sv_39.989241_32.691874_1748457750_h330_p30.jpg,39.98924068471588,32.691874,330,30,90,2025-05-28T21:42:34.519531,downloaded
D:\Users\Lenovo\PycharmProjects\PythonProject\Geo_Start\images\sv_39.989690_32.691288_1748457750_h330_p0.jpg,39.98968984235794,32.69128775099438,330,0,90,2025-05-28T21:42:34.520802,downloaded
D:\Users\Lenovo\PycharmProjects\PythonProject\Geo_Start\images\sv_39.990139_32.690702_1748457754_h0_p-10.jpg,39.990139,32.69070150198875,0,-10,90,2025-05-28T21:42:34.613232,downloaded
D:\Users\Lenovo\PycharmProjects\PythonProject\Geo_Start\images\sv_39.989690_32.691874_1748457750_h330_p30.jpg,39.98968984235794,32.691874,330,30,90,2025-05-28T21:42:34.614791,downloaded
D:\Users\Lenovo\PycharmProjects\PythonProject\Geo_Start\images\sv_39.989690_32.691288_1748457750_h330_p30.jpg,39.98968984235794,32.69128775099438,330,30,90,2025-05-28T21:42:34.616806,downloaded
D:\Users\Lenovo\PycharmProjects\PythonProject\Geo_Start\images\sv_39.990139_32.691288_1748457754_h0_p-10.jpg,39.990139,32.69128775099438,0,-10,90,2025-05-28T21:42:34.620005,downloaded
D:\Users\Lenovo\PycharmProjects\PythonProject\Geo_Start\images\sv_39.990139_32.691288_1748457754_h0_p0.jpg,39.990139,32.69128775099438,0,0,90,2025-05-28T21:42:34.968745,downloaded
D:\Users\Lenovo\PycharmProjects\PythonProject\Geo_Start\images\sv_39.990139_32.691874_1748457754_h0_p-10.jpg,39.990139,32.691874,0,-10,90,2025-05-28T21:42:34.970955,downloaded
D:\Users\Lenovo\PycharmProjects\PythonProject\Geo_Start\images\sv_39.990139_32.690702_1748457754_h0_p0.jpg,39.990139,32.69070150198875,0,0,90,2025-05-28T21:42:34.975387,downloaded
D:\Users\Lenovo\PycharmProjects\PythonProject\Geo_Start\images\sv_39.990139_32.692460_1748457754_h0_p-10.jpg,39.990139,32.69246024900562,0,-10,90,2025-05-28T21:42:35.011841,downloaded
D:\Users\Lenovo\PycharmProjects\PythonProject\Geo_Start\images\sv_39.990139_32.691288_1748457754_h0_p30.jpg,39.990139,32.69128775099438,0,30,90,2025-05-28T21:42:35.029787,downloaded
D:\Users\Lenovo\PycharmProjects\PythonProject\Geo_Start\images\sv_39.990139_32.690702_1748457754_h0_p30.jpg,39.990139,32.69070150198875,0,30,90,2025-05-28T21:42:35.758215,downloaded
D:\Users\Lenovo\PycharmProjects\PythonProject\Geo_Start\images\sv_39.990139_32.691874_1748457754_h0_p0.jpg,39.990139,32.691874,0,0,90,2025-05-28T21:42:35.895356,downloaded
D:\Users\Lenovo\PycharmProjects\PythonProject\Geo_Start\images\sv_39.990139_32.691288_1748457754_h30_p-10.jpg,39.990139,32.69128775099438,30,-10,90,2025-05-28T21:42:36.034471,downloaded
D:\Users\Lenovo\PycharmProjects\PythonProject\Geo_Start\images\sv_39.990139_32.690702_1748457754_h30_p-10.jpg,39.990139,32.69070150198875,30,-10,90,2025-05-28T21:42:36.498273,downloaded
D:\Users\Lenovo\PycharmProjects\PythonProject\Geo_Start\images\sv_39.990139_32.692460_1748457754_h0_p0.jpg,39.990139,32.69246024900562,0,0,90,2025-05-28T21:42:36.505254,downloaded
D:\Users\Lenovo\PycharmProjects\PythonProject\Geo_Start\images\sv_39.990139_32.691288_1748457754_h30_p0.jpg,39.990139,32.69128775099438,30,0,90,2025-05-28T21:42:36.744706,downloaded
D:\Users\Lenovo\PycharmProjects\PythonProject\Geo_Start\images\sv_39.990139_32.691874_1748457754_h0_p30.jpg,39.990139,32.691874,0,30,90,2025-05-28T21:42:36.751547,downloaded
D:\Users\Lenovo\PycharmProjects\PythonProject\Geo_Start\images\sv_39.990139_32.690702_1748457754_h30_p0.jpg,39.990139,32.69070150198875,30,0,90,2025-05-28T21:42:37.008301,downloaded
D:\Users\Lenovo\PycharmProjects\PythonProject\Geo_Start\images\sv_39.990139_32.690702_1748457754_h30_p30.jpg,39.990139,32.69070150198875,30,30,90,2025-05-28T21:42:37.434858,downloaded
D:\Users\Lenovo\PycharmProjects\PythonProject\Geo_Start\images\sv_39.990139_32.692460_1748457754_h0_p30.jpg,39.990139,32.69246024900562,0,30,90,2025-05-28T21:42:37.442434,downloaded
D:\Users\Lenovo\PycharmProjects\PythonProject\Geo_Start\images\sv_39.990139_32.691288_1748457754_h30_p30.jpg,39.990139,32.69128775099438,30,30,90,2025-05-28T21:42:37.452335,downloaded
D:\Users\Lenovo\PycharmProjects\PythonProject\Geo_Start\images\sv_39.990139_32.691874_1748457754_h30_p-10.jpg,39.990139,32.691874,30,-10,90,2025-05-28T21:42:37.453922,downloaded
D:\Users\Lenovo\PycharmProjects\PythonProject\Geo_Start\images\sv_39.990139_32.690702_1748457754_h60_p-10.jpg,39.990139,32.69070150198875,60,-10,90,2025-05-28T21:42:37.794174,downloaded
D:\Users\Lenovo\PycharmProjects\PythonProject\Geo_Start\images\sv_39.990139_32.691874_1748457754_h30_p0.jpg,39.990139,32.691874,30,0,90,2025-05-28T21:42:37.813041,downloaded
D:\Users\Lenovo\PycharmProjects\PythonProject\Geo_Start\images\sv_39.990139_32.691288_1748457754_h60_p-10.jpg,39.990139,32.69128775099438,60,-10,90,2025-05-28T21:42:37.882844,downloaded
D:\Users\Lenovo\PycharmProjects\PythonProject\Geo_Start\images\sv_39.990139_32.690702_1748457754_h60_p0.jpg,39.990139,32.69070150198875,60,0,90,2025-05-28T21:42:38.047610,downloaded
D:\Users\Lenovo\PycharmProjects\PythonProject\Geo_Start\images\sv_39.990139_32.692460_1748457754_h30_p-10.jpg,39.990139,32.69246024900562,30,-10,90,2025-05-28T21:42:38.061371,downloaded
D:\Users\Lenovo\PycharmProjects\PythonProject\Geo_Start\images\sv_39.990139_32.691288_1748457754_h60_p0.jpg,39.990139,32.69128775099438,60,0,90,2025-05-28T21:42:38.237896,downloaded
D:\Users\Lenovo\PycharmProjects\PythonProject\Geo_Start\images\sv_39.990139_32.691874_1748457754_h30_p30.jpg,39.990139,32.691874,30,30,90,2025-05-28T21:42:38.291133,downloaded
D:\Users\Lenovo\PycharmProjects\PythonProject\Geo_Start\images\sv_39.990139_32.690702_1748457754_h60_p30.jpg,39.990139,32.69070150198875,60,30,90,2025-05-28T21:42:38.443039,downloaded
D:\Users\Lenovo\PycharmProjects\PythonProject\Geo_Start\images\sv_39.990139_32.692460_1748457754_h30_p0.jpg,39.990139,32.69246024900562,30,0,90,2025-05-28T21:42:38.504251,downloaded
D:\Users\Lenovo\PycharmProjects\PythonProject\Geo_Start\images\sv_39.990139_32.691874_1748457754_h60_p-10.jpg,39.990139,32.691874,60,-10,90,2025-05-28T21:42:38.676177,downloaded
D:\Users\Lenovo\PycharmProjects\PythonProject\Geo_Start\images\sv_39.990139_32.691288_1748457754_h60_p30.jpg,39.990139,32.69128775099438,60,30,90,2025-05-28T21:42:38.685789,downloaded
D:\Users\Lenovo\PycharmProjects\PythonProject\Geo_Start\images\sv_39.990139_32.690702_1748457754_h90_p-10.jpg,39.990139,32.69070150198875,90,-10,90,2025-05-28T21:42:38.792118,downloaded
D:\Users\Lenovo\PycharmProjects\PythonProject\Geo_Start\images\sv_39.990139_32.691874_1748457754_h60_p0.jpg,39.990139,32.691874,60,0,90,2025-05-28T21:42:38.996595,downloaded
D:\Users\Lenovo\PycharmProjects\PythonProject\Geo_Start\images\sv_39.990139_32.691288_1748457754_h90_p-10.jpg,39.990139,32.69128775099438,90,-10,90,2025-05-28T21:42:39.066855,downloaded
D:\Users\Lenovo\PycharmProjects\PythonProject\Geo_Start\images\sv_39.990139_32.692460_1748457754_h30_p30.jpg,39.990139,32.69246024900562,30,30,90,2025-05-28T21:42:39.109560,downloaded
D:\Users\Lenovo\PycharmProjects\PythonProject\Geo_Start\images\sv_39.990139_32.690702_1748457754_h90_p0.jpg,39.990139,32.69070150198875,90,0,90,2025-05-28T21:42:39.120331,downloaded
D:\Users\Lenovo\PycharmProjects\PythonProject\Geo_Start\images\sv_39.990139_32.691288_1748457754_h90_p0.jpg,39.990139,32.69128775099438,90,0,90,2025-05-28T21:42:39.357353,downloaded
D:\Users\Lenovo\PycharmProjects\PythonProject\Geo_Start\images\sv_39.990139_32.691874_1748457754_h60_p30.jpg,39.990139,32.691874,60,30,90,2025-05-28T21:42:39.420822,downloaded
D:\Users\Lenovo\PycharmProjects\PythonProject\Geo_Start\images\sv_39.990139_32.692460_1748457754_h60_p-10.jpg,39.990139,32.69246024900562,60,-10,90,2025-05-28T21:42:39.547377,downloaded
D:\Users\Lenovo\PycharmProjects\PythonProject\Geo_Start\images\sv_39.990139_32.690702_1748457754_h90_p30.jpg,39.990139,32.69070150198875,90,30,90,2025-05-28T21:42:39.598005,downloaded
D:\Users\Lenovo\PycharmProjects\PythonProject\Geo_Start\images\sv_39.990139_32.691874_1748457754_h90_p-10.jpg,39.990139,32.691874,90,-10,90,2025-05-28T21:42:39.771478,downloaded
D:\Users\Lenovo\PycharmProjects\PythonProject\Geo_Start\images\sv_39.990139_32.691288_1748457754_h90_p30.jpg,39.990139,32.69128775099438,90,30,90,2025-05-28T21:42:39.891625,downloaded
D:\Users\Lenovo\PycharmProjects\PythonProject\Geo_Start\images\sv_39.990139_32.692460_1748457754_h60_p0.jpg,39.990139,32.69246024900562,60,0,90,2025-05-28T21:42:39.893934,downloaded
D:\Users\Lenovo\PycharmProjects\PythonProject\Geo_Start\images\sv_39.990139_32.691874_1748457754_h90_p0.jpg,39.990139,32.691874,90,0,90,2025-05-28T21:42:40.009205,downloaded
D:\Users\Lenovo\PycharmProjects\PythonProject\Geo_Start\images\sv_39.990139_32.690702_1748457754_h120_p-10.jpg,39.990139,32.69070150198875,120,-10,90,2025-05-28T21:42:40.019790,downloaded
D:\Users\Lenovo\PycharmProjects\PythonProject\Geo_Start\images\sv_39.990139_32.691288_1748457754_h120_p-10.jpg,39.990139,32.69128775099438,120,-10,90,2025-05-28T21:42:40.316637,downloaded
D:\Users\Lenovo\PycharmProjects\PythonProject\Geo_Start\images\sv_39.990139_32.690702_1748457754_h120_p0.jpg,39.990139,32.69070150198875,120,0,90,2025-05-28T21:42:40.372557,downloaded
D:\Users\Lenovo\PycharmProjects\PythonProject\Geo_Start\images\sv_39.990139_32.692460_1748457754_h60_p30.jpg,39.990139,32.69246024900562,60,30,90,2025-05-28T21:42:40.428223,downloaded
D:\Users\Lenovo\PycharmProjects\PythonProject\Geo_Start\images\sv_39.990139_32.691874_1748457754_h90_p30.jpg,39.990139,32.691874,90,30,90,2025-05-28T21:42:40.481812,downloaded
D:\Users\Lenovo\PycharmProjects\PythonProject\Geo_Start\images\sv_39.990139_32.691288_1748457754_h120_p0.jpg,39.990139,32.69128775099438,120,0,90,2025-05-28T21:42:40.590533,downloaded
D:\Users\Lenovo\PycharmProjects\PythonProject\Geo_Start\images\sv_39.990139_32.690702_1748457754_h120_p30.jpg,39.990139,32.69070150198875,120,30,90,2025-05-28T21:42:40.633682,downloaded
D:\Users\Lenovo\PycharmProjects\PythonProject\Geo_Start\images\sv_39.990139_32.691874_1748457754_h120_p-10.jpg,39.990139,32.691874,120,-10,90,2025-05-28T21:42:40.842653,downloaded
D:\Users\Lenovo\PycharmProjects\PythonProject\Geo_Start\images\sv_39.990139_32.690702_1748457754_h150_p-10.jpg,39.990139,32.69070150198875,150,-10,90,2025-05-28T21:42:40.949491,downloaded
D:\Users\Lenovo\PycharmProjects\PythonProject\Geo_Start\images\sv_39.990139_32.692460_1748457754_h90_p-10.jpg,39.990139,32.69246024900562,90,-10,90,2025-05-28T21:42:41.012727,downloaded
D:\Users\Lenovo\PycharmProjects\PythonProject\Geo_Start\images\sv_39.990139_32.691288_1748457754_h120_p30.jpg,39.990139,32.69128775099438,120,30,90,2025-05-28T21:42:41.106924,downloaded
D:\Users\Lenovo\PycharmProjects\PythonProject\Geo_Start\images\sv_39.990139_32.691874_1748457754_h120_p0.jpg,39.990139,32.691874,120,0,90,2025-05-28T21:42:41.129465,downloaded
D:\Users\Lenovo\PycharmProjects\PythonProject\Geo_Start\images\sv_39.990139_32.690702_1748457754_h150_p0.jpg,39.990139,32.69070150198875,150,0,90,2025-05-28T21:42:41.324247,downloaded
D:\Users\Lenovo\PycharmProjects\PythonProject\Geo_Start\images\sv_39.990139_32.692460_1748457754_h90_p0.jpg,39.990139,32.69246024900562,90,0,90,2025-05-28T21:42:41.397220,downloaded
D:\Users\Lenovo\PycharmProjects\PythonProject\Geo_Start\images\sv_39.990139_32.691288_1748457754_h150_p-10.jpg,39.990139,32.69128775099438,150,-10,90,2025-05-28T21:42:41.453496,downloaded
D:\Users\Lenovo\PycharmProjects\PythonProject\Geo_Start\images\sv_39.990139_32.691874_1748457754_h120_p30.jpg,39.990139,32.691874,120,30,90,2025-05-28T21:42:41.512307,downloaded
D:\Users\Lenovo\PycharmProjects\PythonProject\Geo_Start\images\sv_39.990139_32.690702_1748457754_h150_p30.jpg,39.990139,32.69070150198875,150,30,90,2025-05-28T21:42:41.830335,downloaded
D:\Users\Lenovo\PycharmProjects\PythonProject\Geo_Start\images\sv_39.990139_32.691288_1748457754_h150_p0.jpg,39.990139,32.69128775099438,150,0,90,2025-05-28T21:42:41.930795,downloaded
D:\Users\Lenovo\PycharmProjects\PythonProject\Geo_Start\images\sv_39.990139_32.691874_1748457754_h150_p-10.jpg,39.990139,32.691874,150,-10,90,2025-05-28T21:42:41.934317,downloaded
D:\Users\Lenovo\PycharmProjects\PythonProject\Geo_Start\images\sv_39.990139_32.692460_1748457754_h90_p30.jpg,39.990139,32.69246024900562,90,30,90,2025-05-28T21:42:41.981023,downloaded
D:\Users\Lenovo\PycharmProjects\PythonProject\Geo_Start\images\sv_39.990139_32.690702_1748457754_h180_p-10.jpg,39.990139,32.69070150198875,180,-10,90,2025-05-28T21:42:42.210273,downloaded
D:\Users\Lenovo\PycharmProjects\PythonProject\Geo_Start\images\sv_39.990139_32.692460_1748457754_h120_p-10.jpg,39.990139,32.69246024900562,120,-10,90,2025-05-28T21:42:42.434215,downloaded
D:\Users\Lenovo\PycharmProjects\PythonProject\Geo_Start\images\sv_39.990139_32.691874_1748457754_h150_p0.jpg,39.990139,32.691874,150,0,90,2025-05-28T21:42:42.442451,downloaded
D:\Users\Lenovo\PycharmProjects\PythonProject\Geo_Start\images\sv_39.990139_32.691288_1748457754_h150_p30.jpg,39.990139,32.69128775099438,150,30,90,2025-05-28T21:42:42.499658,downloaded
D:\Users\Lenovo\PycharmProjects\PythonProject\Geo_Start\images\sv_39.990139_32.692460_1748457754_h120_p0.jpg,39.990139,32.69246024900562,120,0,90,2025-05-28T21:42:42.710785,downloaded
D:\Users\Lenovo\PycharmProjects\PythonProject\Geo_Start\images\sv_39.990139_32.691874_1748457754_h150_p30.jpg,39.990139,32.691874,150,30,90,2025-05-28T21:42:43.004358,downloaded
D:\Users\Lenovo\PycharmProjects\PythonProject\Geo_Start\images\sv_39.990139_32.691288_1748457754_h180_p-10.jpg,39.990139,32.69128775099438,180,-10,90,2025-05-28T21:42:43.006327,downloaded
D:\Users\Lenovo\PycharmProjects\PythonProject\Geo_Start\images\sv_39.990139_32.692460_1748457754_h120_p30.jpg,39.990139,32.69246024900562,120,30,90,2025-05-28T21:42:43.228740,downloaded
D:\Users\Lenovo\PycharmProjects\PythonProject\Geo_Start\images\sv_39.990139_32.691874_1748457754_h180_p-10.jpg,39.990139,32.691874,180,-10,90,2025-05-28T21:42:43.298249,downloaded
D:\Users\Lenovo\PycharmProjects\PythonProject\Geo_Start\images\sv_39.990139_32.691288_1748457754_h180_p0.jpg,39.990139,32.69128775099438,180,0,90,2025-05-28T21:42:43.496686,downloaded
D:\Users\Lenovo\PycharmProjects\PythonProject\Geo_Start\images\sv_39.990139_32.690702_1748457754_h180_p0.jpg,39.990139,32.69070150198875,180,0,90,2025-05-28T21:42:43.758817,downloaded
D:\Users\Lenovo\PycharmProjects\PythonProject\Geo_Start\images\sv_39.990139_32.691874_1748457754_h180_p0.jpg,39.990139,32.691874,180,0,90,2025-05-28T21:42:43.760750,downloaded
D:\Users\Lenovo\PycharmProjects\PythonProject\Geo_Start\images\sv_39.990139_32.692460_1748457754_h150_p-10.jpg,39.990139,32.69246024900562,150,-10,90,2025-05-28T21:42:43.761409,downloaded
D:\Users\Lenovo\PycharmProjects\PythonProject\Geo_Start\images\sv_39.990139_32.691288_1748457754_h180_p30.jpg,39.990139,32.69128775099438,180,30,90,2025-05-28T21:42:44.073894,downloaded
D:\Users\Lenovo\PycharmProjects\PythonProject\Geo_Start\images\sv_39.990139_32.691874_1748457754_h180_p30.jpg,39.990139,32.691874,180,30,90,2025-05-28T21:42:44.246539,downloaded
D:\Users\Lenovo\PycharmProjects\PythonProject\Geo_Start\images\sv_39.990139_32.692460_1748457754_h150_p0.jpg,39.990139,32.69246024900562,150,0,90,2025-05-28T21:42:44.272036,downloaded
D:\Users\Lenovo\PycharmProjects\PythonProject\Geo_Start\images\sv_39.990139_32.690702_1748457754_h180_p30.jpg,39.990139,32.69070150198875,180,30,90,2025-05-28T21:42:44.351717,downloaded
D:\Users\Lenovo\PycharmProjects\PythonProject\Geo_Start\images\sv_39.990139_32.691288_1748457754_h210_p-10.jpg,39.990139,32.69128775099438,210,-10,90,2025-05-28T21:42:44.543631,downloaded
D:\Users\Lenovo\PycharmProjects\PythonProject\Geo_Start\images\sv_39.990139_32.691874_1748457754_h210_p-10.jpg,39.990139,32.691874,210,-10,90,2025-05-28T21:42:44.654269,downloaded
D:\Users\Lenovo\PycharmProjects\PythonProject\Geo_Start\images\sv_39.990139_32.690702_1748457754_h210_p-10.jpg,39.990139,32.69070150198875,210,-10,90,2025-05-28T21:42:44.774841,downloaded
D:\Users\Lenovo\PycharmProjects\PythonProject\Geo_Start\images\sv_39.990139_32.691288_1748457754_h210_p0.jpg,39.990139,32.69128775099438,210,0,90,2025-05-28T21:42:44.827314,downloaded
D:\Users\Lenovo\PycharmProjects\PythonProject\Geo_Start\images\sv_39.990139_32.692460_1748457754_h150_p30.jpg,39.990139,32.69246024900562,150,30,90,2025-05-28T21:42:44.933082,downloaded
D:\Users\Lenovo\PycharmProjects\PythonProject\Geo_Start\images\sv_39.990139_32.691874_1748457754_h210_p0.jpg,39.990139,32.691874,210,0,90,2025-05-28T21:42:45.051613,downloaded
D:\Users\Lenovo\PycharmProjects\PythonProject\Geo_Start\images\sv_39.990139_32.690702_1748457754_h210_p0.jpg,39.990139,32.69070150198875,210,0,90,2025-05-28T21:42:45.174241,downloaded
D:\Users\Lenovo\PycharmProjects\PythonProject\Geo_Start\images\sv_39.990139_32.691288_1748457754_h210_p30.jpg,39.990139,32.69128775099438,210,30,90,2025-05-28T21:42:45.252130,downloaded
D:\Users\Lenovo\PycharmProjects\PythonProject\Geo_Start\images\sv_39.990139_32.692460_1748457754_h180_p-10.jpg,39.990139,32.69246024900562,180,-10,90,2025-05-28T21:42:45.559105,downloaded
D:\Users\Lenovo\PycharmProjects\PythonProject\Geo_Start\images\sv_39.990139_32.691874_1748457754_h210_p30.jpg,39.990139,32.691874,210,30,90,2025-05-28T21:42:45.560574,downloaded
D:\Users\Lenovo\PycharmProjects\PythonProject\Geo_Start\images\sv_39.990139_32.691288_1748457754_h240_p-10.jpg,39.990139,32.69128775099438,240,-10,90,2025-05-28T21:42:45.749365,downloaded
D:\Users\Lenovo\PycharmProjects\PythonProject\Geo_Start\images\sv_39.990139_32.690702_1748457754_h210_p30.jpg,39.990139,32.69070150198875,210,30,90,2025-05-28T21:42:45.771658,downloaded
D:\Users\Lenovo\PycharmProjects\PythonProject\Geo_Start\images\sv_39.990139_32.692460_1748457754_h180_p0.jpg,39.990139,32.69246024900562,180,0,90,2025-05-28T21:42:45.868385,downloaded
D:\Users\Lenovo\PycharmProjects\PythonProject\Geo_Start\images\sv_39.990139_32.691288_1748457754_h240_p0.jpg,39.990139,32.69128775099438,240,0,90,2025-05-28T21:42:45.999902,downloaded
D:\Users\Lenovo\PycharmProjects\PythonProject\Geo_Start\images\sv_39.990139_32.691874_1748457754_h240_p-10.jpg,39.990139,32.691874,240,-10,90,2025-05-28T21:42:46.250864,downloaded
D:\Users\Lenovo\PycharmProjects\PythonProject\Geo_Start\images\sv_39.990139_32.690702_1748457754_h240_p-10.jpg,39.990139,32.69070150198875,240,-10,90,2025-05-28T21:42:46.253420,downloaded
D:\Users\Lenovo\PycharmProjects\PythonProject\Geo_Start\images\sv_39.990139_32.691288_1748457754_h240_p30.jpg,39.990139,32.69128775099438,240,30,90,2025-05-28T21:42:47.172251,downloaded
D:\Users\Lenovo\PycharmProjects\PythonProject\Geo_Start\images\sv_39.990139_32.692460_1748457754_h180_p30.jpg,39.990139,32.69246024900562,180,30,90,2025-05-28T21:42:47.172711,downloaded
D:\Users\Lenovo\PycharmProjects\PythonProject\Geo_Start\images\sv_39.990139_32.691874_1748457754_h240_p0.jpg,39.990139,32.691874,240,0,90,2025-05-28T21:42:47.176010,downloaded
D:\Users\Lenovo\PycharmProjects\PythonProject\Geo_Start\images\sv_39.990139_32.690702_1748457754_h240_p0.jpg,39.990139,32.69070150198875,240,0,90,2025-05-28T21:42:47.186803,downloaded
D:\Users\Lenovo\PycharmProjects\PythonProject\Geo_Start\images\sv_39.990139_32.691288_1748457754_h270_p-10.jpg,39.990139,32.69128775099438,270,-10,90,2025-05-28T21:42:47.565077,downloaded
D:\Users\Lenovo\PycharmProjects\PythonProject\Geo_Start\images\sv_39.990139_32.692460_1748457754_h210_p-10.jpg,39.990139,32.69246024900562,210,-10,90,2025-05-28T21:42:47.656029,downloaded
D:\Users\Lenovo\PycharmProjects\PythonProject\Geo_Start\images\sv_39.990139_32.691874_1748457754_h240_p30.jpg,39.990139,32.691874,240,30,90,2025-05-28T21:42:47.752274,downloaded
D:\Users\Lenovo\PycharmProjects\PythonProject\Geo_Start\images\sv_39.990139_32.691288_1748457754_h270_p0.jpg,39.990139,32.69128775099438,270,0,90,2025-05-28T21:42:47.777593,downloaded
D:\Users\Lenovo\PycharmProjects\PythonProject\Geo_Start\images\sv_39.990139_32.690702_1748457754_h240_p30.jpg,39.990139,32.69070150198875,240,30,90,2025-05-28T21:42:47.849164,downloaded
D:\Users\Lenovo\PycharmProjects\PythonProject\Geo_Start\images\sv_39.990139_32.692460_1748457754_h210_p0.jpg,39.990139,32.69246024900562,210,0,90,2025-05-28T21:42:48.037247,downloaded
D:\Users\Lenovo\PycharmProjects\PythonProject\Geo_Start\images\sv_39.990139_32.691874_1748457754_h270_p-10.jpg,39.990139,32.691874,270,-10,90,2025-05-28T21:42:48.064443,downloaded
D:\Users\Lenovo\PycharmProjects\PythonProject\Geo_Start\images\sv_39.990139_32.690702_1748457754_h270_p-10.jpg,39.990139,32.69070150198875,270,-10,90,2025-05-28T21:42:48.219159,downloaded
D:\Users\Lenovo\PycharmProjects\PythonProject\Geo_Start\images\sv_39.990139_32.691288_1748457754_h270_p30.jpg,39.990139,32.69128775099438,270,30,90,2025-05-28T21:42:48.391466,downloaded
D:\Users\Lenovo\PycharmProjects\PythonProject\Geo_Start\images\sv_39.990139_32.690702_1748457754_h270_p0.jpg,39.990139,32.69070150198875,270,0,90,2025-05-28T21:42:48.496700,downloaded
D:\Users\Lenovo\PycharmProjects\PythonProject\Geo_Start\images\sv_39.990139_32.691874_1748457754_h270_p0.jpg,39.990139,32.691874,270,0,90,2025-05-28T21:42:48.505481,downloaded
D:\Users\Lenovo\PycharmProjects\PythonProject\Geo_Start\images\sv_39.990139_32.692460_1748457754_h210_p30.jpg,39.990139,32.69246024900562,210,30,90,2025-05-28T21:42:48.509403,downloaded
D:\Users\Lenovo\PycharmProjects\PythonProject\Geo_Start\images\sv_39.990139_32.691288_1748457754_h300_p-10.jpg,39.990139,32.69128775099438,300,-10,90,2025-05-28T21:42:48.646694,downloaded
D:\Users\Lenovo\PycharmProjects\PythonProject\Geo_Start\images\sv_39.990139_32.692460_1748457754_h240_p-10.jpg,39.990139,32.69246024900562,240,-10,90,2025-05-28T21:42:48.814588,downloaded
D:\Users\Lenovo\PycharmProjects\PythonProject\Geo_Start\images\sv_39.990139_32.692460_1748457754_h240_p0.jpg,39.990139,32.69246024900562,240,0,90,2025-05-28T21:42:49.615173,downloaded
D:\Users\Lenovo\PycharmProjects\PythonProject\Geo_Start\images\sv_39.990139_32.690702_1748457754_h270_p30.jpg,39.990139,32.69070150198875,270,30,90,2025-05-28T21:42:49.616940,downloaded
D:\Users\Lenovo\PycharmProjects\PythonProject\Geo_Start\images\sv_39.990139_32.691874_1748457754_h270_p30.jpg,39.990139,32.691874,270,30,90,2025-05-28T21:42:49.617591,downloaded
D:\Users\Lenovo\PycharmProjects\PythonProject\Geo_Start\images\sv_39.990139_32.691288_1748457754_h300_p0.jpg,39.990139,32.69128775099438,300,0,90,2025-05-28T21:42:49.892302,downloaded
D:\Users\Lenovo\PycharmProjects\PythonProject\Geo_Start\images\sv_39.990139_32.692460_1748457754_h240_p30.jpg,39.990139,32.69246024900562,240,30,90,2025-05-28T21:42:50.009603,downloaded
D:\Users\Lenovo\PycharmProjects\PythonProject\Geo_Start\images\sv_39.990139_32.690702_1748457754_h300_p-10.jpg,39.990139,32.69070150198875,300,-10,90,2025-05-28T21:42:50.014253,downloaded
D:\Users\Lenovo\PycharmProjects\PythonProject\Geo_Start\images\sv_39.990139_32.691874_1748457754_h300_p-10.jpg,39.990139,32.691874,300,-10,90,2025-05-28T21:42:50.078664,downloaded
D:\Users\Lenovo\PycharmProjects\PythonProject\Geo_Start\images\sv_39.990139_32.692460_1748457754_h270_p-10.jpg,39.990139,32.69246024900562,270,-10,90,2025-05-28T21:42:50.291889,downloaded
D:\Users\Lenovo\PycharmProjects\PythonProject\Geo_Start\images\sv_39.990139_32.691288_1748457754_h300_p30.jpg,39.990139,32.69128775099438,300,30,90,2025-05-28T21:42:50.298344,downloaded
D:\Users\Lenovo\PycharmProjects\PythonProject\Geo_Start\images\sv_39.990139_32.691874_1748457754_h300_p0.jpg,39.990139,32.691874,300,0,90,2025-05-28T21:42:50.367621,downloaded
D:\Users\Lenovo\PycharmProjects\PythonProject\Geo_Start\images\sv_39.990139_32.690702_1748457754_h300_p0.jpg,39.990139,32.69070150198875,300,0,90,2025-05-28T21:42:50.381820,downloaded
D:\Users\Lenovo\PycharmProjects\PythonProject\Geo_Start\images\sv_39.990139_32.692460_1748457754_h270_p0.jpg,39.990139,32.69246024900562,270,0,90,2025-05-28T21:42:50.518395,downloaded
D:\Users\Lenovo\PycharmProjects\PythonProject\Geo_Start\images\sv_39.990139_32.690702_1748457754_h300_p30.jpg,39.990139,32.69070150198875,300,30,90,2025-05-28T21:42:50.742261,downloaded
D:\Users\Lenovo\PycharmProjects\PythonProject\Geo_Start\images\sv_39.990139_32.691874_1748457754_h300_p30.jpg,39.990139,32.691874,300,30,90,2025-05-28T21:42:50.754268,downloaded
D:\Users\Lenovo\PycharmProjects\PythonProject\Geo_Start\images\sv_39.990139_32.691288_1748457754_h330_p-10.jpg,39.990139,32.69128775099438,330,-10,90,2025-05-28T21:42:50.787458,downloaded
D:\Users\Lenovo\PycharmProjects\PythonProject\Geo_Start\images\sv_39.990139_32.692460_1748457754_h270_p30.jpg,39.990139,32.69246024900562,270,30,90,2025-05-28T21:42:50.904511,downloaded
D:\Users\Lenovo\PycharmProjects\PythonProject\Geo_Start\images\sv_39.990139_32.690702_1748457754_h330_p-10.jpg,39.990139,32.69070150198875,330,-10,90,2025-05-28T21:42:51.093132,downloaded
D:\Users\Lenovo\PycharmProjects\PythonProject\Geo_Start\images\sv_39.990139_32.691874_1748457754_h330_p-10.jpg,39.990139,32.691874,330,-10,90,2025-05-28T21:42:51.136674,downloaded
D:\Users\Lenovo\PycharmProjects\PythonProject\Geo_Start\images\sv_39.990139_32.691288_1748457754_h330_p0.jpg,39.990139,32.69128775099438,330,0,90,2025-05-28T21:42:51.154203,downloaded
D:\Users\Lenovo\PycharmProjects\PythonProject\Geo_Start\images\sv_39.990139_32.692460_1748457754_h300_p-10.jpg,39.990139,32.69246024900562,300,-10,90,2025-05-28T21:42:51.386471,downloaded
D:\Users\Lenovo\PycharmProjects\PythonProject\Geo_Start\images\sv_39.990139_32.690702_1748457754_h330_p0.jpg,39.990139,32.69070150198875,330,0,90,2025-05-28T21:42:51.422437,downloaded
D:\Users\Lenovo\PycharmProjects\PythonProject\Geo_Start\images\sv_39.990139_32.691874_1748457754_h330_p0.jpg,39.990139,32.691874,330,0,90,2025-05-28T21:42:51.578531,downloaded
D:\Users\Lenovo\PycharmProjects\PythonProject\Geo_Start\images\sv_39.990139_32.691288_1748457754_h330_p30.jpg,39.990139,32.69128775099438,330,30,90,2025-05-28T21:42:51.635194,downloaded
D:\Users\Lenovo\PycharmProjects\PythonProject\Geo_Start\images\sv_39.990139_32.692460_1748457754_h300_p0.jpg,39.990139,32.69246024900562,300,0,90,2025-05-28T21:42:51.882906,downloaded
D:\Users\Lenovo\PycharmProjects\PythonProject\Geo_Start\images\sv_39.990139_32.690702_1748457754_h330_p30.jpg,39.990139,32.69070150198875,330,30,90,2025-05-28T21:42:51.981434,downloaded
D:\Users\Lenovo\PycharmProjects\PythonProject\Geo_Start\images\sv_39.990139_32.691874_1748457754_h330_p30.jpg,39.990139,32.691874,330,30,90,2025-05-28T21:42:51.988433,downloaded
D:\Users\Lenovo\PycharmProjects\PythonProject\Geo_Start\images\sv_39.990139_32.692460_1748457754_h300_p30.jpg,39.990139,32.69246024900562,300,30,90,2025-05-28T21:42:52.465813,downloaded
D:\Users\Lenovo\PycharmProjects\PythonProject\Geo_Start\images\sv_39.990588_32.691288_1748457771_h0_p-10.jpg,39.99058815764206,32.69128775099438,0,-10,90,2025-05-28T21:42:52.473993,downloaded
D:\Users\Lenovo\PycharmProjects\PythonProject\Geo_Start\images\sv_39.990588_32.691874_1748457771_h0_p-10.jpg,39.99058815764206,32.691874,0,-10,90,2025-05-28T21:42:52.475784,downloaded
D:\Users\Lenovo\PycharmProjects\PythonProject\Geo_Start\images\sv_39.990139_32.692460_1748457754_h330_p-10.jpg,39.990139,32.69246024900562,330,-10,90,2025-05-28T21:42:52.901479,downloaded
D:\Users\Lenovo\PycharmProjects\PythonProject\Geo_Start\images\sv_39.990588_32.691288_1748457771_h0_p0.jpg,39.99058815764206,32.69128775099438,0,0,90,2025-05-28T21:42:52.989415,downloaded
D:\Users\Lenovo\PycharmProjects\PythonProject\Geo_Start\images\sv_39.990139_32.692460_1748457754_h330_p0.jpg,39.990139,32.69246024900562,330,0,90,2025-05-28T21:42:53.793116,downloaded
D:\Users\Lenovo\PycharmProjects\PythonProject\Geo_Start\images\sv_39.990588_32.691288_1748457771_h0_p30.jpg,39.99058815764206,32.69128775099438,0,30,90,2025-05-28T21:42:53.896533,downloaded
D:\Users\Lenovo\PycharmProjects\PythonProject\Geo_Start\images\sv_39.990588_32.691874_1748457771_h0_p0.jpg,39.99058815764206,32.691874,0,0,90,2025-05-28T21:42:53.952876,downloaded
D:\Users\Lenovo\PycharmProjects\PythonProject\Geo_Start\images\sv_39.990588_32.691288_1748457771_h30_p-10.jpg,39.99058815764206,32.69128775099438,30,-10,90,2025-05-28T21:42:54.155012,downloaded
D:\Users\Lenovo\PycharmProjects\PythonProject\Geo_Start\images\sv_39.990139_32.692460_1748457754_h330_p30.jpg,39.990139,32.69246024900562,330,30,90,2025-05-28T21:42:54.303850,downloaded
D:\Users\Lenovo\PycharmProjects\PythonProject\Geo_Start\images\sv_39.990588_32.691288_1748457771_h30_p0.jpg,39.99058815764206,32.69128775099438,30,0,90,2025-05-28T21:42:54.462668,downloaded
D:\Users\Lenovo\PycharmProjects\PythonProject\Geo_Start\images\sv_39.990588_32.691874_1748457771_h0_p30.jpg,39.99058815764206,32.691874,0,30,90,2025-05-28T21:42:54.500304,downloaded
D:\Users\Lenovo\PycharmProjects\PythonProject\Geo_Start\images\sv_39.990588_32.692460_1748457774_h0_p-10.jpg,39.99058815764206,32.69246024900562,0,-10,90,2025-05-28T21:42:54.801748,downloaded
D:\Users\Lenovo\PycharmProjects\PythonProject\Geo_Start\images\sv_39.990588_32.691288_1748457771_h30_p30.jpg,39.99058815764206,32.69128775099438,30,30,90,2025-05-28T21:42:54.878848,downloaded
D:\Users\Lenovo\PycharmProjects\PythonProject\Geo_Start\images\sv_39.990588_32.691874_1748457771_h30_p-10.jpg,39.99058815764206,32.691874,30,-10,90,2025-05-28T21:42:54.882501,downloaded
D:\Users\Lenovo\PycharmProjects\PythonProject\Geo_Start\images\sv_39.990588_32.692460_1748457774_h0_p0.jpg,39.99058815764206,32.69246024900562,0,0,90,2025-05-28T21:42:55.076567,downloaded
D:\Users\Lenovo\PycharmProjects\PythonProject\Geo_Start\images\sv_39.990588_32.691288_1748457771_h60_p-10.jpg,39.99058815764206,32.69128775099438,60,-10,90,2025-05-28T21:42:55.230667,downloaded
D:\Users\Lenovo\PycharmProjects\PythonProject\Geo_Start\images\sv_39.990588_32.691874_1748457771_h30_p0.jpg,39.99058815764206,32.691874,30,0,90,2025-05-28T21:42:55.411685,downloaded
D:\Users\Lenovo\PycharmProjects\PythonProject\Geo_Start\images\sv_39.990588_32.691288_1748457771_h60_p0.jpg,39.99058815764206,32.69128775099438,60,0,90,2025-05-28T21:42:55.494630,downloaded
D:\Users\Lenovo\PycharmProjects\PythonProject\Geo_Start\images\sv_39.990588_32.692460_1748457774_h0_p30.jpg,39.99058815764206,32.69246024900562,0,30,90,2025-05-28T21:42:55.547254,downloaded
D:\Users\Lenovo\PycharmProjects\PythonProject\Geo_Start\images\sv_39.990588_32.691288_1748457771_h60_p30.jpg,39.99058815764206,32.69128775099438,60,30,90,2025-05-28T21:42:55.867674,downloaded
D:\Users\Lenovo\PycharmProjects\PythonProject\Geo_Start\images\sv_39.990588_32.691874_1748457771_h30_p30.jpg,39.99058815764206,32.691874,30,30,90,2025-05-28T21:42:55.880360,downloaded
D:\Users\Lenovo\PycharmProjects\PythonProject\Geo_Start\images\sv_39.990588_32.692460_1748457774_h30_p-10.jpg,39.99058815764206,32.69246024900562,30,-10,90,2025-05-28T21:42:55.892381,downloaded
D:\Users\Lenovo\PycharmProjects\PythonProject\Geo_Start\images\sv_39.990588_32.691288_1748457771_h90_p-10.jpg,39.99058815764206,32.69128775099438,90,-10,90,2025-05-28T21:42:56.122613,downloaded
D:\Users\Lenovo\PycharmProjects\PythonProject\Geo_Start\images\sv_39.990588_32.691874_1748457771_h60_p-10.jpg,39.99058815764206,32.691874,60,-10,90,2025-05-28T21:42:56.280331,downloaded
D:\Users\Lenovo\PycharmProjects\PythonProject\Geo_Start\images\sv_39.990588_32.692460_1748457774_h30_p0.jpg,39.99058815764206,32.69246024900562,30,0,90,2025-05-28T21:42:56.369355,downloaded
D:\Users\Lenovo\PycharmProjects\PythonProject\Geo_Start\images\sv_39.990588_32.691288_1748457771_h90_p0.jpg,39.99058815764206,32.69128775099438,90,0,90,2025-05-28T21:42:56.412559,downloaded
D:\Users\Lenovo\PycharmProjects\PythonProject\Geo_Start\images\sv_39.990588_32.691288_1748457771_h90_p30.jpg,39.99058815764206,32.69128775099438,90,30,90,2025-05-28T21:42:56.886600,downloaded
D:\Users\Lenovo\PycharmProjects\PythonProject\Geo_Start\images\sv_39.990588_32.692460_1748457774_h30_p30.jpg,39.99058815764206,32.69246024900562,30,30,90,2025-05-28T21:42:57.015547,downloaded
D:\Users\Lenovo\PycharmProjects\PythonProject\Geo_Start\images\sv_39.990588_32.691288_1748457771_h120_p-10.jpg,39.99058815764206,32.69128775099438,120,-10,90,2025-05-28T21:42:57.212479,downloaded
D:\Users\Lenovo\PycharmProjects\PythonProject\Geo_Start\images\sv_39.990588_32.692460_1748457774_h60_p-10.jpg,39.99058815764206,32.69246024900562,60,-10,90,2025-05-28T21:42:57.263436,downloaded
D:\Users\Lenovo\PycharmProjects\PythonProject\Geo_Start\images\sv_39.990588_32.691288_1748457771_h120_p0.jpg,39.99058815764206,32.69128775099438,120,0,90,2025-05-28T21:42:57.466625,downloaded
D:\Users\Lenovo\PycharmProjects\PythonProject\Geo_Start\images\sv_39.990588_32.692460_1748457774_h60_p0.jpg,39.99058815764206,32.69246024900562,60,0,90,2025-05-28T21:42:57.599151,downloaded
D:\Users\Lenovo\PycharmProjects\PythonProject\Geo_Start\images\sv_39.990588_32.691288_1748457771_h120_p30.jpg,39.99058815764206,32.69128775099438,120,30,90,2025-05-28T21:42:57.891739,downloaded
D:\Users\Lenovo\PycharmProjects\PythonProject\Geo_Start\images\sv_39.990588_32.692460_1748457774_h60_p30.jpg,39.99058815764206,32.69246024900562,60,30,90,2025-05-28T21:42:58.143519,downloaded
D:\Users\Lenovo\PycharmProjects\PythonProject\Geo_Start\images\sv_39.990588_32.691288_1748457771_h150_p-10.jpg,39.99058815764206,32.69128775099438,150,-10,90,2025-05-28T21:42:58.162477,downloaded
D:\Users\Lenovo\PycharmProjects\PythonProject\Geo_Start\images\sv_39.990588_32.691288_1748457771_h150_p0.jpg,39.99058815764206,32.69128775099438,150,0,90,2025-05-28T21:42:58.489175,downloaded
D:\Users\Lenovo\PycharmProjects\PythonProject\Geo_Start\images\sv_39.990588_32.692460_1748457774_h90_p-10.jpg,39.99058815764206,32.69246024900562,90,-10,90,2025-05-28T21:42:58.532438,downloaded
D:\Users\Lenovo\PycharmProjects\PythonProject\Geo_Start\images\sv_39.990588_32.691288_1748457771_h150_p30.jpg,39.99058815764206,32.69128775099438,150,30,90,2025-05-28T21:42:58.782188,downloaded
D:\Users\Lenovo\PycharmProjects\PythonProject\Geo_Start\images\sv_39.990588_32.692460_1748457774_h90_p0.jpg,39.99058815764206,32.69246024900562,90,0,90,2025-05-28T21:42:58.827870,downloaded
D:\Users\Lenovo\PycharmProjects\PythonProject\Geo_Start\images\sv_39.990588_32.691288_1748457771_h180_p-10.jpg,39.99058815764206,32.69128775099438,180,-10,90,2025-05-28T21:42:59.025900,downloaded
D:\Users\Lenovo\PycharmProjects\PythonProject\Geo_Start\images\sv_39.990588_32.691288_1748457771_h180_p0.jpg,39.99058815764206,32.69128775099438,180,0,90,2025-05-28T21:42:59.267977,downloaded
D:\Users\Lenovo\PycharmProjects\PythonProject\Geo_Start\images\sv_39.990588_32.692460_1748457774_h90_p30.jpg,39.99058815764206,32.69246024900562,90,30,90,2025-05-28T21:42:59.313577,downloaded
D:\Users\Lenovo\PycharmProjects\PythonProject\Geo_Start\images\sv_39.990588_32.691288_1748457771_h180_p30.jpg,39.99058815764206,32.69128775099438,180,30,90,2025-05-28T21:42:59.566515,downloaded
D:\Users\Lenovo\PycharmProjects\PythonProject\Geo_Start\images\sv_39.990588_32.692460_1748457774_h120_p-10.jpg,39.99058815764206,32.69246024900562,120,-10,90,2025-05-28T21:42:59.634768,downloaded
D:\Users\Lenovo\PycharmProjects\PythonProject\Geo_Start\images\sv_39.990588_32.691288_1748457771_h210_p-10.jpg,39.99058815764206,32.69128775099438,210,-10,90,2025-05-28T21:42:59.802015,downloaded
D:\Users\Lenovo\PycharmProjects\PythonProject\Geo_Start\images\sv_39.990588_32.692460_1748457774_h120_p0.jpg,39.99058815764206,32.69246024900562,120,0,90,2025-05-28T21:42:59.950438,downloaded
D:\Users\Lenovo\PycharmProjects\PythonProject\Geo_Start\images\sv_39.990588_32.691288_1748457771_h210_p0.jpg,39.99058815764206,32.69128775099438,210,0,90,2025-05-28T21:43:00.035941,downloaded
D:\Users\Lenovo\PycharmProjects\PythonProject\Geo_Start\images\sv_39.990588_32.692460_1748457774_h120_p30.jpg,39.99058815764206,32.69246024900562,120,30,90,2025-05-28T21:43:00.380247,downloaded
D:\Users\Lenovo\PycharmProjects\PythonProject\Geo_Start\images\sv_39.990588_32.691288_1748457771_h210_p30.jpg,39.99058815764206,32.69128775099438,210,30,90,2025-05-28T21:43:00.419877,downloaded
D:\Users\Lenovo\PycharmProjects\PythonProject\Geo_Start\images\sv_39.990588_32.692460_1748457774_h150_p-10.jpg,39.99058815764206,32.69246024900562,150,-10,90,2025-05-28T21:43:00.648476,downloaded
D:\Users\Lenovo\PycharmProjects\PythonProject\Geo_Start\images\sv_39.990588_32.691288_1748457771_h240_p-10.jpg,39.99058815764206,32.69128775099438,240,-10,90,2025-05-28T21:43:00.776268,downloaded
D:\Users\Lenovo\PycharmProjects\PythonProject\Geo_Start\images\sv_39.990588_32.692460_1748457774_h150_p0.jpg,39.99058815764206,32.69246024900562,150,0,90,2025-05-28T21:43:00.966962,downloaded
D:\Users\Lenovo\PycharmProjects\PythonProject\Geo_Start\images\sv_39.990588_32.691288_1748457771_h240_p0.jpg,39.99058815764206,32.69128775099438,240,0,90,2025-05-28T21:43:01.002139,downloaded
D:\Users\Lenovo\PycharmProjects\PythonProject\Geo_Start\images\sv_39.990588_32.692460_1748457774_h150_p30.jpg,39.99058815764206,32.69246024900562,150,30,90,2025-05-28T21:43:01.399773,downloaded
D:\Users\Lenovo\PycharmProjects\PythonProject\Geo_Start\images\sv_39.990588_32.691288_1748457771_h240_p30.jpg,39.99058815764206,32.69128775099438,240,30,90,2025-05-28T21:43:01.439438,downloaded
D:\Users\Lenovo\PycharmProjects\PythonProject\Geo_Start\images\sv_39.990588_32.692460_1748457774_h180_p-10.jpg,39.99058815764206,32.69246024900562,180,-10,90,2025-05-28T21:43:01.714027,downloaded
D:\Users\Lenovo\PycharmProjects\PythonProject\Geo_Start\images\sv_39.990588_32.691288_1748457771_h270_p-10.jpg,39.99058815764206,32.69128775099438,270,-10,90,2025-05-28T21:43:01.732396,downloaded
D:\Users\Lenovo\PycharmProjects\PythonProject\Geo_Start\images\sv_39.990588_32.691288_1748457771_h270_p0.jpg,39.99058815764206,32.69128775099438,270,0,90,2025-05-28T21:43:02.035309,downloaded
D:\Users\Lenovo\PycharmProjects\PythonProject\Geo_Start\images\sv_39.990588_32.692460_1748457774_h180_p0.jpg,39.99058815764206,32.69246024900562,180,0,90,2025-05-28T21:43:02.063105,downloaded
D:\Users\Lenovo\PycharmProjects\PythonProject\Geo_Start\images\sv_39.990588_32.691288_1748457771_h270_p30.jpg,39.99058815764206,32.69128775099438,270,30,90,2025-05-28T21:43:02.347975,downloaded
D:\Users\Lenovo\PycharmProjects\PythonProject\Geo_Start\images\sv_39.990588_32.691288_1748457771_h300_p-10.jpg,39.99058815764206,32.69128775099438,300,-10,90,2025-05-28T21:43:02.614292,downloaded
D:\Users\Lenovo\PycharmProjects\PythonProject\Geo_Start\images\sv_39.990588_32.692460_1748457774_h180_p30.jpg,39.99058815764206,32.69246024900562,180,30,90,2025-05-28T21:43:02.664440,downloaded
D:\Users\Lenovo\PycharmProjects\PythonProject\Geo_Start\images\sv_39.990588_32.691288_1748457771_h300_p0.jpg,39.99058815764206,32.69128775099438,300,0,90,2025-05-28T21:43:02.909982,downloaded
D:\Users\Lenovo\PycharmProjects\PythonProject\Geo_Start\images\sv_39.990588_32.692460_1748457774_h210_p-10.jpg,39.99058815764206,32.69246024900562,210,-10,90,2025-05-28T21:43:03.055305,downloaded
D:\Users\Lenovo\PycharmProjects\PythonProject\Geo_Start\images\sv_39.990588_32.691288_1748457771_h300_p30.jpg,39.99058815764206,32.69128775099438,300,30,90,2025-05-28T21:43:03.298046,downloaded
D:\Users\Lenovo\PycharmProjects\PythonProject\Geo_Start\images\sv_39.990588_32.692460_1748457774_h210_p0.jpg,39.99058815764206,32.69246024900562,210,0,90,2025-05-28T21:43:03.316352,downloaded
D:\Users\Lenovo\PycharmProjects\PythonProject\Geo_Start\images\sv_39.990588_32.691288_1748457771_h330_p-10.jpg,39.99058815764206,32.69128775099438,330,-10,90,2025-05-28T21:43:03.542081,downloaded
D:\Users\Lenovo\PycharmProjects\PythonProject\Geo_Start\images\sv_39.990588_32.691288_1748457771_h330_p0.jpg,39.99058815764206,32.69128775099438,330,0,90,2025-05-28T21:43:03.767594,downloaded
D:\Users\Lenovo\PycharmProjects\PythonProject\Geo_Start\images\sv_39.990588_32.692460_1748457774_h210_p30.jpg,39.99058815764206,32.69246024900562,210,30,90,2025-05-28T21:43:03.812433,downloaded
D:\Users\Lenovo\PycharmProjects\PythonProject\Geo_Start\images\sv_39.990588_32.691288_1748457771_h330_p30.jpg,39.99058815764206,32.69128775099438,330,30,90,2025-05-28T21:43:04.124937,downloaded
D:\Users\Lenovo\PycharmProjects\PythonProject\Geo_Start\images\sv_39.990588_32.692460_1748457774_h240_p-10.jpg,39.99058815764206,32.69246024900562,240,-10,90,2025-05-28T21:43:04.128324,downloaded
D:\Users\Lenovo\PycharmProjects\PythonProject\Geo_Start\images\sv_39.991037_32.691874_1748457784_h0_p-10.jpg,39.99103731528412,32.691874,0,-10,90,2025-05-28T21:43:04.468659,downloaded
D:\Users\Lenovo\PycharmProjects\PythonProject\Geo_Start\images\sv_39.990588_32.692460_1748457774_h240_p0.jpg,39.99058815764206,32.69246024900562,240,0,90,2025-05-28T21:43:04.529848,downloaded
D:\Users\Lenovo\PycharmProjects\PythonProject\Geo_Start\images\sv_39.990139_32.693046_1748457771_h0_p-10.jpg,39.990139,32.69304649801125,0,-10,90,2025-05-28T21:43:04.686809,downloaded
D:\Users\Lenovo\PycharmProjects\PythonProject\Geo_Start\images\sv_39.991037_32.691874_1748457784_h0_p0.jpg,39.99103731528412,32.691874,0,0,90,2025-05-28T21:43:04.711662,downloaded
D:\Users\Lenovo\PycharmProjects\PythonProject\Geo_Start\images\sv_39.990588_32.692460_1748457774_h240_p30.jpg,39.99058815764206,32.69246024900562,240,30,90,2025-05-28T21:43:05.036455,downloaded
D:\Users\Lenovo\PycharmProjects\PythonProject\Geo_Start\images\sv_39.990139_32.693046_1748457771_h0_p0.jpg,39.990139,32.69304649801125,0,0,90,2025-05-28T21:43:05.059945,downloaded
D:\Users\Lenovo\PycharmProjects\PythonProject\Geo_Start\images\sv_39.991037_32.691874_1748457784_h0_p30.jpg,39.99103731528412,32.691874,0,30,90,2025-05-28T21:43:05.147593,downloaded
D:\Users\Lenovo\PycharmProjects\PythonProject\Geo_Start\images\sv_39.990588_32.692460_1748457774_h270_p-10.jpg,39.99058815764206,32.69246024900562,270,-10,90,2025-05-28T21:43:05.406878,downloaded
D:\Users\Lenovo\PycharmProjects\PythonProject\Geo_Start\images\sv_39.991037_32.691874_1748457784_h30_p-10.jpg,39.99103731528412,32.691874,30,-10,90,2025-05-28T21:43:05.470407,downloaded
D:\Users\Lenovo\PycharmProjects\PythonProject\Geo_Start\images\sv_39.990588_32.692460_1748457774_h270_p0.jpg,39.99058815764206,32.69246024900562,270,0,90,2025-05-28T21:43:05.660218,downloaded
D:\Users\Lenovo\PycharmProjects\PythonProject\Geo_Start\images\sv_39.990139_32.693046_1748457771_h0_p30.jpg,39.990139,32.69304649801125,0,30,90,2025-05-28T21:43:05.682102,downloaded
D:\Users\Lenovo\PycharmProjects\PythonProject\Geo_Start\images\sv_39.991037_32.691874_1748457784_h30_p0.jpg,39.99103731528412,32.691874,30,0,90,2025-05-28T21:43:05.771507,downloaded
D:\Users\Lenovo\PycharmProjects\PythonProject\Geo_Start\images\sv_39.990139_32.693046_1748457771_h30_p-10.jpg,39.990139,32.69304649801125,30,-10,90,2025-05-28T21:43:06.058309,downloaded
D:\Users\Lenovo\PycharmProjects\PythonProject\Geo_Start\images\sv_39.990588_32.692460_1748457774_h270_p30.jpg,39.99058815764206,32.69246024900562,270,30,90,2025-05-28T21:43:06.099797,downloaded
D:\Users\Lenovo\PycharmProjects\PythonProject\Geo_Start\images\sv_39.991037_32.691874_1748457784_h30_p30.jpg,39.99103731528412,32.691874,30,30,90,2025-05-28T21:43:06.212205,downloaded
D:\Users\Lenovo\PycharmProjects\PythonProject\Geo_Start\images\sv_39.990588_32.692460_1748457774_h300_p-10.jpg,39.99058815764206,32.69246024900562,300,-10,90,2025-05-28T21:43:06.451556,downloaded
D:\Users\Lenovo\PycharmProjects\PythonProject\Geo_Start\images\sv_39.990139_32.693046_1748457771_h30_p0.jpg,39.990139,32.69304649801125,30,0,90,2025-05-28T21:43:06.456428,downloaded
D:\Users\Lenovo\PycharmProjects\PythonProject\Geo_Start\images\sv_39.991037_32.691874_1748457784_h60_p-10.jpg,39.99103731528412,32.691874,60,-10,90,2025-05-28T21:43:06.633731,downloaded
D:\Users\Lenovo\PycharmProjects\PythonProject\Geo_Start\images\sv_39.990588_32.692460_1748457774_h300_p0.jpg,39.99058815764206,32.69246024900562,300,0,90,2025-05-28T21:43:06.715235,downloaded
D:\Users\Lenovo\PycharmProjects\PythonProject\Geo_Start\images\sv_39.991037_32.691874_1748457784_h60_p0.jpg,39.99103731528412,32.691874,60,0,90,2025-05-28T21:43:06.855935,downloaded
D:\Users\Lenovo\PycharmProjects\PythonProject\Geo_Start\images\sv_39.990139_32.693046_1748457771_h30_p30.jpg,39.990139,32.69304649801125,30,30,90,2025-05-28T21:43:06.961071,downloaded
D:\Users\Lenovo\PycharmProjects\PythonProject\Geo_Start\images\sv_39.990139_32.693046_1748457771_h60_p-10.jpg,39.990139,32.69304649801125,60,-10,90,2025-05-28T21:43:07.218710,downloaded
D:\Users\Lenovo\PycharmProjects\PythonProject\Geo_Start\images\sv_39.990588_32.692460_1748457774_h300_p30.jpg,39.99058815764206,32.69246024900562,300,30,90,2025-05-28T21:43:07.271576,downloaded
D:\Users\Lenovo\PycharmProjects\PythonProject\Geo_Start\images\sv_39.991037_32.691874_1748457784_h60_p30.jpg,39.99103731528412,32.691874,60,30,90,2025-05-28T21:43:07.304497,downloaded
D:\Users\Lenovo\PycharmProjects\PythonProject\Geo_Start\images\sv_39.990139_32.693046_1748457771_h60_p0.jpg,39.990139,32.69304649801125,60,0,90,2025-05-28T21:43:07.499442,downloaded
D:\Users\Lenovo\PycharmProjects\PythonProject\Geo_Start\images\sv_39.990588_32.692460_1748457774_h330_p-10.jpg,39.99058815764206,32.69246024900562,330,-10,90,2025-05-28T21:43:07.601318,downloaded
D:\Users\Lenovo\PycharmProjects\PythonProject\Geo_Start\images\sv_39.991037_32.691874_1748457784_h90_p-10.jpg,39.99103731528412,32.691874,90,-10,90,2025-05-28T21:43:07.687028,downloaded
D:\Users\Lenovo\PycharmProjects\PythonProject\Geo_Start\images\sv_39.990588_32.692460_1748457774_h330_p0.jpg,39.99058815764206,32.69246024900562,330,0,90,2025-05-28T21:43:07.871632,downloaded
D:\Users\Lenovo\PycharmProjects\PythonProject\Geo_Start\images\sv_39.990139_32.693046_1748457771_h60_p30.jpg,39.990139,32.69304649801125,60,30,90,2025-05-28T21:43:07.948652,downloaded
D:\Users\Lenovo\PycharmProjects\PythonProject\Geo_Start\images\sv_39.991037_32.691874_1748457784_h90_p0.jpg,39.99103731528412,32.691874,90,0,90,2025-05-28T21:43:07.968757,downloaded
D:\Users\Lenovo\PycharmProjects\PythonProject\Geo_Start\images\sv_39.990139_32.693046_1748457771_h90_p-10.jpg,39.990139,32.69304649801125,90,-10,90,2025-05-28T21:43:08.282979,downloaded
D:\Users\Lenovo\PycharmProjects\PythonProject\Geo_Start\images\sv_39.990588_32.692460_1748457774_h330_p30.jpg,39.99058815764206,32.69246024900562,330,30,90,2025-05-28T21:43:08.352417,downloaded
D:\Users\Lenovo\PycharmProjects\PythonProject\Geo_Start\images\sv_39.991037_32.691874_1748457784_h90_p30.jpg,39.99103731528412,32.691874,90,30,90,2025-05-28T21:43:08.369749,downloaded
D:\Users\Lenovo\PycharmProjects\PythonProject\Geo_Start\images\sv_39.990139_32.693046_1748457771_h90_p0.jpg,39.990139,32.69304649801125,90,0,90,2025-05-28T21:43:08.580119,downloaded
D:\Users\Lenovo\PycharmProjects\PythonProject\Geo_Start\images\sv_39.991037_32.691874_1748457784_h120_p-10.jpg,39.99103731528412,32.691874,120,-10,90,2025-05-28T21:43:08.611099,downloaded
D:\Users\Lenovo\PycharmProjects\PythonProject\Geo_Start\images\sv_39.991037_32.691874_1748457784_h120_p0.jpg,39.99103731528412,32.691874,120,0,90,2025-05-28T21:43:08.904576,downloaded
D:\Users\Lenovo\PycharmProjects\PythonProject\Geo_Start\images\sv_39.990139_32.693046_1748457771_h90_p30.jpg,39.990139,32.69304649801125,90,30,90,2025-05-28T21:43:09.058500,downloaded
D:\Users\Lenovo\PycharmProjects\PythonProject\Geo_Start\images\sv_39.990588_32.691874_1748457771_h60_p0.jpg,39.99058815764206,32.691874,60,0,90,2025-05-28T21:43:09.236844,downloaded
D:\Users\Lenovo\PycharmProjects\PythonProject\Geo_Start\images\sv_39.991037_32.691874_1748457784_h120_p30.jpg,39.99103731528412,32.691874,120,30,90,2025-05-28T21:43:09.344476,downloaded
D:\Users\Lenovo\PycharmProjects\PythonProject\Geo_Start\images\sv_39.990139_32.693046_1748457771_h120_p-10.jpg,39.990139,32.69304649801125,120,-10,90,2025-05-28T21:43:09.465467,downloaded
D:\Users\Lenovo\PycharmProjects\PythonProject\Geo_Start\images\sv_39.991037_32.691874_1748457784_h150_p-10.jpg,39.99103731528412,32.691874,150,-10,90,2025-05-28T21:43:09.591771,downloaded
D:\Users\Lenovo\PycharmProjects\PythonProject\Geo_Start\images\sv_39.990588_32.691874_1748457771_h60_p30.jpg,39.99058815764206,32.691874,60,30,90,2025-05-28T21:43:09.693053,downloaded
D:\Users\Lenovo\PycharmProjects\PythonProject\Geo_Start\images\sv_39.991037_32.691874_1748457784_h150_p0.jpg,39.99103731528412,32.691874,150,0,90,2025-05-28T21:43:09.843322,downloaded
D:\Users\Lenovo\PycharmProjects\PythonProject\Geo_Start\images\sv_39.990588_32.691874_1748457771_h90_p-10.jpg,39.99058815764206,32.691874,90,-10,90,2025-05-28T21:43:09.914125,downloaded
D:\Users\Lenovo\PycharmProjects\PythonProject\Geo_Start\images\sv_39.990139_32.693046_1748457771_h120_p0.jpg,39.990139,32.69304649801125,120,0,90,2025-05-28T21:43:09.953439,downloaded
D:\Users\Lenovo\PycharmProjects\PythonProject\Geo_Start\images\sv_39.990588_32.691874_1748457771_h90_p0.jpg,39.99058815764206,32.691874,90,0,90,2025-05-28T21:43:10.191453,downloaded
D:\Users\Lenovo\PycharmProjects\PythonProject\Geo_Start\images\sv_39.991037_32.691874_1748457784_h150_p30.jpg,39.99103731528412,32.691874,150,30,90,2025-05-28T21:43:10.223405,downloaded
D:\Users\Lenovo\PycharmProjects\PythonProject\Geo_Start\images\sv_39.991037_32.691874_1748457784_h180_p-10.jpg,39.99103731528412,32.691874,180,-10,90,2025-05-28T21:43:10.532356,downloaded
D:\Users\Lenovo\PycharmProjects\PythonProject\Geo_Start\images\sv_39.990139_32.693046_1748457771_h120_p30.jpg,39.990139,32.69304649801125,120,30,90,2025-05-28T21:43:10.534182,downloaded
D:\Users\Lenovo\PycharmProjects\PythonProject\Geo_Start\images\sv_39.991037_32.691874_1748457784_h180_p0.jpg,39.99103731528412,32.691874,180,0,90,2025-05-28T21:43:10.740926,downloaded
D:\Users\Lenovo\PycharmProjects\PythonProject\Geo_Start\images\sv_39.990588_32.691874_1748457771_h90_p30.jpg,39.99058815764206,32.691874,90,30,90,2025-05-28T21:43:10.795439,downloaded
D:\Users\Lenovo\PycharmProjects\PythonProject\Geo_Start\images\sv_39.990139_32.693046_1748457771_h150_p-10.jpg,39.990139,32.69304649801125,150,-10,90,2025-05-28T21:43:10.936587,downloaded
D:\Users\Lenovo\PycharmProjects\PythonProject\Geo_Start\images\sv_39.990588_32.691874_1748457771_h120_p-10.jpg,39.99058815764206,32.691874,120,-10,90,2025-05-28T21:43:11.104978,downloaded
D:\Users\Lenovo\PycharmProjects\PythonProject\Geo_Start\images\sv_39.991037_32.691874_1748457784_h180_p30.jpg,39.99103731528412,32.691874,180,30,90,2025-05-28T21:43:11.138673,downloaded
D:\Users\Lenovo\PycharmProjects\PythonProject\Geo_Start\images\sv_39.990139_32.693046_1748457771_h150_p0.jpg,39.990139,32.69304649801125,150,0,90,2025-05-28T21:43:11.245756,downloaded
D:\Users\Lenovo\PycharmProjects\PythonProject\Geo_Start\images\sv_39.990588_32.691874_1748457771_h120_p0.jpg,39.99058815764206,32.691874,120,0,90,2025-05-28T21:43:11.351179,downloaded
D:\Users\Lenovo\PycharmProjects\PythonProject\Geo_Start\images\sv_39.991037_32.691874_1748457784_h210_p-10.jpg,39.99103731528412,32.691874,210,-10,90,2025-05-28T21:43:11.391204,downloaded
D:\Users\Lenovo\PycharmProjects\PythonProject\Geo_Start\images\sv_39.991037_32.691874_1748457784_h210_p0.jpg,39.99103731528412,32.691874,210,0,90,2025-05-28T21:43:11.574435,downloaded
D:\Users\Lenovo\PycharmProjects\PythonProject\Geo_Start\images\sv_39.990139_32.693046_1748457771_h150_p30.jpg,39.990139,32.69304649801125,150,30,90,2025-05-28T21:43:11.823395,downloaded
D:\Users\Lenovo\PycharmProjects\PythonProject\Geo_Start\images\sv_39.990588_32.691874_1748457771_h120_p30.jpg,39.99058815764206,32.691874,120,30,90,2025-05-28T21:43:11.826780,downloaded
D:\Users\Lenovo\PycharmProjects\PythonProject\Geo_Start\images\sv_39.991037_32.691874_1748457784_h210_p30.jpg,39.99103731528412,32.691874,210,30,90,2025-05-28T21:43:11.911717,downloaded
D:\Users\Lenovo\PycharmProjects\PythonProject\Geo_Start\images\sv_39.990139_32.693046_1748457771_h180_p-10.jpg,39.990139,32.69304649801125,180,-10,90,2025-05-28T21:43:12.126803,downloaded
D:\Users\Lenovo\PycharmProjects\PythonProject\Geo_Start\images\sv_39.991037_32.691874_1748457784_h240_p-10.jpg,39.99103731528412,32.691874,240,-10,90,2025-05-28T21:43:12.163395,downloaded
D:\Users\Lenovo\PycharmProjects\PythonProject\Geo_Start\images\sv_39.990588_32.691874_1748457771_h150_p-10.jpg,39.99058815764206,32.691874,150,-10,90,2025-05-28T21:43:12.263569,downloaded
D:\Users\Lenovo\PycharmProjects\PythonProject\Geo_Start\images\sv_39.990139_32.693046_1748457771_h180_p0.jpg,39.990139,32.69304649801125,180,0,90,2025-05-28T21:43:12.381840,downloaded
D:\Users\Lenovo\PycharmProjects\PythonProject\Geo_Start\images\sv_39.991037_32.691874_1748457784_h240_p0.jpg,39.99103731528412,32.691874,240,0,90,2025-05-28T21:43:12.418666,downloaded
D:\Users\Lenovo\PycharmProjects\PythonProject\Geo_Start\images\sv_39.990588_32.691874_1748457771_h150_p0.jpg,39.99058815764206,32.691874,150,0,90,2025-05-28T21:43:12.588377,downloaded
D:\Users\Lenovo\PycharmProjects\PythonProject\Geo_Start\images\sv_39.991037_32.691874_1748457784_h240_p30.jpg,39.99103731528412,32.691874,240,30,90,2025-05-28T21:43:12.748958,downloaded
D:\Users\Lenovo\PycharmProjects\PythonProject\Geo_Start\images\sv_39.990139_32.693046_1748457771_h180_p30.jpg,39.990139,32.69304649801125,180,30,90,2025-05-28T21:43:12.870937,downloaded
D:\Users\Lenovo\PycharmProjects\PythonProject\Geo_Start\images\sv_39.991037_32.691874_1748457784_h270_p-10.jpg,39.99103731528412,32.691874,270,-10,90,2025-05-28T21:43:12.963004,downloaded
D:\Users\Lenovo\PycharmProjects\PythonProject\Geo_Start\images\sv_39.990588_32.691874_1748457771_h150_p30.jpg,39.99058815764206,32.691874,150,30,90,2025-05-28T21:43:12.971128,downloaded
D:\Users\Lenovo\PycharmProjects\PythonProject\Geo_Start\images\sv_39.990139_32.693046_1748457771_h210_p-10.jpg,39.990139,32.69304649801125,210,-10,90,2025-05-28T21:43:13.097012,downloaded
D:\Users\Lenovo\PycharmProjects\PythonProject\Geo_Start\images\sv_39.991037_32.691874_1748457784_h270_p0.jpg,39.99103731528412,32.691874,270,0,90,2025-05-28T21:43:13.176965,downloaded
D:\Users\Lenovo\PycharmProjects\PythonProject\Geo_Start\images\sv_39.990588_32.691874_1748457771_h180_p-10.jpg,39.99058815764206,32.691874,180,-10,90,2025-05-28T21:43:13.355678,downloaded
D:\Users\Lenovo\PycharmProjects\PythonProject\Geo_Start\images\sv_39.990139_32.693046_1748457771_h210_p0.jpg,39.990139,32.69304649801125,210,0,90,2025-05-28T21:43:13.446328,downloaded
D:\Users\Lenovo\PycharmProjects\PythonProject\Geo_Start\images\sv_39.991037_32.691874_1748457784_h270_p30.jpg,39.99103731528412,32.691874,270,30,90,2025-05-28T21:43:13.609030,downloaded
D:\Users\Lenovo\PycharmProjects\PythonProject\Geo_Start\images\sv_39.990588_32.691874_1748457771_h180_p0.jpg,39.99058815764206,32.691874,180,0,90,2025-05-28T21:43:13.616701,downloaded
D:\Users\Lenovo\PycharmProjects\PythonProject\Geo_Start\images\sv_39.991037_32.691874_1748457784_h300_p-10.jpg,39.99103731528412,32.691874,300,-10,90,2025-05-28T21:43:13.824169,downloaded
D:\Users\Lenovo\PycharmProjects\PythonProject\Geo_Start\images\sv_39.990139_32.693046_1748457771_h210_p30.jpg,39.990139,32.69304649801125,210,30,90,2025-05-28T21:43:13.884453,downloaded
D:\Users\Lenovo\PycharmProjects\PythonProject\Geo_Start\images\sv_39.991037_32.691874_1748457784_h300_p0.jpg,39.99103731528412,32.691874,300,0,90,2025-05-28T21:43:14.056770,downloaded
D:\Users\Lenovo\PycharmProjects\PythonProject\Geo_Start\images\sv_39.990588_32.691874_1748457771_h180_p30.jpg,39.99058815764206,32.691874,180,30,90,2025-05-28T21:43:14.113598,downloaded
D:\Users\Lenovo\PycharmProjects\PythonProject\Geo_Start\images\sv_39.990139_32.693046_1748457771_h240_p-10.jpg,39.990139,32.69304649801125,240,-10,90,2025-05-28T21:43:14.163827,downloaded
D:\Users\Lenovo\PycharmProjects\PythonProject\Geo_Start\images\sv_39.991037_32.691874_1748457784_h300_p30.jpg,39.99103731528412,32.691874,300,30,90,2025-05-28T21:43:14.415057,downloaded
D:\Users\Lenovo\PycharmProjects\PythonProject\Geo_Start\images\sv_39.990588_32.691874_1748457771_h210_p-10.jpg,39.99058815764206,32.691874,210,-10,90,2025-05-28T21:43:14.416726,downloaded
D:\Users\Lenovo\PycharmProjects\PythonProject\Geo_Start\images\sv_39.990139_32.693046_1748457771_h240_p0.jpg,39.990139,32.69304649801125,240,0,90,2025-05-28T21:43:14.565512,downloaded
D:\Users\Lenovo\PycharmProjects\PythonProject\Geo_Start\images\sv_39.991037_32.691874_1748457784_h330_p-10.jpg,39.99103731528412,32.691874,330,-10,90,2025-05-28T21:43:14.664283,downloaded
D:\Users\Lenovo\PycharmProjects\PythonProject\Geo_Start\images\sv_39.990588_32.691874_1748457771_h210_p0.jpg,39.99058815764206,32.691874,210,0,90,2025-05-28T21:43:14.731161,downloaded
D:\Users\Lenovo\PycharmProjects\PythonProject\Geo_Start\images\sv_39.991037_32.691874_1748457784_h330_p0.jpg,39.99103731528412,32.691874,330,0,90,2025-05-28T21:43:14.957439,downloaded
D:\Users\Lenovo\PycharmProjects\PythonProject\Geo_Start\images\sv_39.990139_32.693046_1748457771_h240_p30.jpg,39.990139,32.69304649801125,240,30,90,2025-05-28T21:43:15.115859,downloaded
D:\Users\Lenovo\PycharmProjects\PythonProject\Geo_Start\images\sv_39.990588_32.691874_1748457771_h210_p30.jpg,39.99058815764206,32.691874,210,30,90,2025-05-28T21:43:15.214667,downloaded
D:\Users\Lenovo\PycharmProjects\PythonProject\Geo_Start\images\sv_39.991037_32.691874_1748457784_h330_p30.jpg,39.99103731528412,32.691874,330,30,90,2025-05-28T21:43:15.306139,downloaded
D:\Users\Lenovo\PycharmProjects\PythonProject\Geo_Start\images\sv_39.990139_32.693046_1748457771_h270_p-10.jpg,39.990139,32.69304649801125,270,-10,90,2025-05-28T21:43:15.405887,downloaded
D:\Users\Lenovo\PycharmProjects\PythonProject\Geo_Start\images\sv_39.990588_32.691874_1748457771_h240_p-10.jpg,39.99058815764206,32.691874,240,-10,90,2025-05-28T21:43:15.490228,downloaded
D:\Users\Lenovo\PycharmProjects\PythonProject\Geo_Start\images\sv_39.990139_32.693046_1748457771_h270_p0.jpg,39.990139,32.69304649801125,270,0,90,2025-05-28T21:43:15.646757,downloaded
D:\Users\Lenovo\PycharmProjects\PythonProject\Geo_Start\images\sv_39.990588_32.691874_1748457771_h240_p0.jpg,39.99058815764206,32.691874,240,0,90,2025-05-28T21:43:15.749335,downloaded
D:\Users\Lenovo\PycharmProjects\PythonProject\Geo_Start\images\sv_39.990139_32.693046_1748457771_h270_p30.jpg,39.990139,32.69304649801125,270,30,90,2025-05-28T21:43:16.101008,downloaded
D:\Users\Lenovo\PycharmProjects\PythonProject\Geo_Start\images\sv_39.990588_32.691874_1748457771_h240_p30.jpg,39.99058815764206,32.691874,240,30,90,2025-05-28T21:43:16.174756,downloaded
D:\Users\Lenovo\PycharmProjects\PythonProject\Geo_Start\images\sv_39.990139_32.693046_1748457771_h300_p-10.jpg,39.990139,32.69304649801125,300,-10,90,2025-05-28T21:43:16.363227,downloaded
D:\Users\Lenovo\PycharmProjects\PythonProject\Geo_Start\images\sv_39.990588_32.691874_1748457771_h270_p-10.jpg,39.99058815764206,32.691874,270,-10,90,2025-05-28T21:43:16.435604,downloaded
D:\Users\Lenovo\PycharmProjects\PythonProject\Geo_Start\images\sv_39.990139_32.693046_1748457771_h300_p0.jpg,39.990139,32.69304649801125,300,0,90,2025-05-28T21:43:16.632034,downloaded
D:\Users\Lenovo\PycharmProjects\PythonProject\Geo_Start\images\sv_39.990588_32.691874_1748457771_h270_p0.jpg,39.99058815764206,32.691874,270,0,90,2025-05-28T21:43:16.658355,downloaded
D:\Users\Lenovo\PycharmProjects\PythonProject\Geo_Start\images\sv_39.990139_32.693046_1748457771_h300_p30.jpg,39.990139,32.69304649801125,300,30,90,2025-05-28T21:43:17.044945,downloaded
D:\Users\Lenovo\PycharmProjects\PythonProject\Geo_Start\images\sv_39.990588_32.691874_1748457771_h270_p30.jpg,39.99058815764206,32.691874,270,30,90,2025-05-28T21:43:17.162376,downloaded
D:\Users\Lenovo\PycharmProjects\PythonProject\Geo_Start\images\sv_39.990139_32.693046_1748457771_h330_p-10.jpg,39.990139,32.69304649801125,330,-10,90,2025-05-28T21:43:17.368265,downloaded
D:\Users\Lenovo\PycharmProjects\PythonProject\Geo_Start\images\sv_39.990588_32.691874_1748457771_h300_p-10.jpg,39.99058815764206,32.691874,300,-10,90,2025-05-28T21:43:17.436612,downloaded
D:\Users\Lenovo\PycharmProjects\PythonProject\Geo_Start\images\sv_39.990139_32.693046_1748457771_h330_p0.jpg,39.990139,32.69304649801125,330,0,90,2025-05-28T21:43:17.670292,downloaded
D:\Users\Lenovo\PycharmProjects\PythonProject\Geo_Start\images\sv_39.990588_32.691874_1748457771_h300_p0.jpg,39.99058815764206,32.691874,300,0,90,2025-05-28T21:43:17.746621,downloaded
D:\Users\Lenovo\PycharmProjects\PythonProject\Geo_Start\images\sv_39.990139_32.693046_1748457771_h330_p30.jpg,39.990139,32.69304649801125,330,30,90,2025-05-28T21:43:18.107535,downloaded
D:\Users\Lenovo\PycharmProjects\PythonProject\Geo_Start\images\sv_39.990588_32.691874_1748457771_h300_p30.jpg,39.99058815764206,32.691874,300,30,90,2025-05-28T21:43:18.254390,downloaded
D:\Users\Lenovo\PycharmProjects\PythonProject\Geo_Start\images\sv_39.990588_32.691874_1748457771_h330_p-10.jpg,39.99058815764206,32.691874,330,-10,90,2025-05-28T21:43:18.534826,downloaded
D:\Users\Lenovo\PycharmProjects\PythonProject\Geo_Start\images\sv_39.990588_32.691874_1748457771_h330_p0.jpg,39.99058815764206,32.691874,330,0,90,2025-05-28T21:43:18.804241,downloaded
D:\Users\Lenovo\PycharmProjects\PythonProject\Geo_Start\images\sv_39.990588_32.691874_1748457771_h330_p30.jpg,39.99058815764206,32.691874,330,30,90,2025-05-28T21:43:19.255035,downloaded
